experiment_id,topology,fault_type,window_type,threshold,window_size,wait_duration,permitted_calls_half_open,environment,mode,replicate,run_timestamp,blast_radius,time_to_open,time_to_recover,error_rate,throughput_loss
LIN-LAT-CNT-T30-W5-D5,LINEAR,LATENCY,COUNT_BASED,30,5,5,5,LOCAL,full,1,2026-07-05T19:26:54Z,20.0000,,,0.8800,0.9156
LIN-LAT-CNT-T30-W5-D5,LINEAR,LATENCY,COUNT_BASED,30,5,5,5,LOCAL,full,2,2026-07-05T19:28:05Z,20.0000,,,0.8800,0.9053
LIN-LAT-CNT-T30-W5-D5,LINEAR,LATENCY,COUNT_BASED,30,5,5,5,LOCAL,full,3,2026-07-05T19:29:16Z,20.0000,,,0.8800,0.9136
LIN-LAT-TIM-T30-W5-D5,LINEAR,LATENCY,TIME_BASED,30,5,5,5,LOCAL,full,1,2026-07-05T19:31:03Z,0.0000,,,0.0000,0.7587
LIN-LAT-TIM-T30-W5-D5,LINEAR,LATENCY,TIME_BASED,30,5,5,5,LOCAL,full,2,2026-07-05T19:32:41Z,0.0000,,,0.0000,0.8189
LIN-LAT-TIM-T30-W5-D5,LINEAR,LATENCY,TIME_BASED,30,5,5,5,LOCAL,full,3,2026-07-05T19:34:12Z,0.0000,,,0.0000,0.8291
LIN-LAT-CNT-T30-W5-D15,LINEAR,LATENCY,COUNT_BASED,30,5,15,5,LOCAL,full,1,2026-07-05T19:35:18Z,20.0000,,,0.8800,0.9202
LIN-LAT-CNT-T30-W5-D15,LINEAR,LATENCY,COUNT_BASED,30,5,15,5,LOCAL,full,2,2026-07-05T19:36:24Z,20.0000,,,0.8800,0.8846
LIN-LAT-CNT-T30-W5-D15,LINEAR,LATENCY,COUNT_BASED,30,5,15,5,LOCAL,full,3,2026-07-05T19:37:29Z,20.0000,,,0.8800,0.9171
LIN-LAT-TIM-T30-W5-D15,LINEAR,LATENCY,TIME_BASED,30,5,15,5,LOCAL,full,1,2026-07-05T19:38:59Z,0.0000,,,0.0000,0.8485
LIN-LAT-TIM-T30-W5-D15,LINEAR,LATENCY,TIME_BASED,30,5,15,5,LOCAL,full,2,2026-07-05T19:40:29Z,0.0000,,,0.0000,0.8458
LIN-LAT-TIM-T30-W5-D15,LINEAR,LATENCY,TIME_BASED,30,5,15,5,LOCAL,full,3,2026-07-05T19:42:00Z,0.0000,,,0.0000,0.8231
LIN-LAT-CNT-T30-W5-D30,LINEAR,LATENCY,COUNT_BASED,30,5,30,5,LOCAL,full,1,2026-07-05T19:43:06Z,20.0000,,,0.8800,0.8775
LIN-LAT-CNT-T30-W5-D30,LINEAR,LATENCY,COUNT_BASED,30,5,30,5,LOCAL,full,2,2026-07-05T19:44:12Z,20.0000,,,0.8800,0.9077
LIN-LAT-CNT-T30-W5-D30,LINEAR,LATENCY,COUNT_BASED,30,5,30,5,LOCAL,full,3,2026-07-05T19:45:16Z,20.0000,,,0.8800,0.9171
LIN-LAT-TIM-T30-W5-D30,LINEAR,LATENCY,TIME_BASED,30,5,30,5,LOCAL,full,1,2026-07-05T19:46:48Z,0.0000,,,0.0000,0.8488
LIN-LAT-TIM-T30-W5-D30,LINEAR,LATENCY,TIME_BASED,30,5,30,5,LOCAL,full,2,2026-07-05T19:48:19Z,0.0000,,,0.0000,0.7849
LIN-LAT-TIM-T30-W5-D30,LINEAR,LATENCY,TIME_BASED,30,5,30,5,LOCAL,full,3,2026-07-05T19:49:50Z,0.0000,,,0.0000,0.8636
LIN-LAT-CNT-T30-W10-D5,LINEAR,LATENCY,COUNT_BASED,30,10,5,5,LOCAL,full,1,2026-07-05T19:50:55Z,20.0000,,,0.8600,0.9129
LIN-LAT-CNT-T30-W10-D5,LINEAR,LATENCY,COUNT_BASED,30,10,5,5,LOCAL,full,2,2026-07-05T19:52:02Z,20.0000,,,0.8600,0.8871
LIN-LAT-CNT-T30-W10-D5,LINEAR,LATENCY,COUNT_BASED,30,10,5,5,LOCAL,full,3,2026-07-05T19:53:09Z,20.0000,,,0.8600,0.9160
LIN-LAT-TIM-T30-W10-D5,LINEAR,LATENCY,TIME_BASED,30,10,5,5,LOCAL,full,1,2026-07-05T19:54:40Z,0.0000,,,0.0000,0.8029
LIN-LAT-TIM-T30-W10-D5,LINEAR,LATENCY,TIME_BASED,30,10,5,5,LOCAL,full,2,2026-07-05T19:56:15Z,0.0000,,,0.0000,0.8779
LIN-LAT-TIM-T30-W10-D5,LINEAR,LATENCY,TIME_BASED,30,10,5,5,LOCAL,full,3,2026-07-05T19:57:46Z,0.0000,,,0.0000,0.8401
LIN-LAT-CNT-T30-W10-D15,LINEAR,LATENCY,COUNT_BASED,30,10,15,5,LOCAL,full,1,2026-07-05T19:58:52Z,20.0000,,,0.8600,0.8759
LIN-LAT-CNT-T30-W10-D15,LINEAR,LATENCY,COUNT_BASED,30,10,15,5,LOCAL,full,2,2026-07-05T20:00:00Z,20.0000,,,0.8600,0.8655
LIN-LAT-CNT-T30-W10-D15,LINEAR,LATENCY,COUNT_BASED,30,10,15,5,LOCAL,full,3,2026-07-05T20:01:08Z,20.0000,,,0.8600,0.9224
LIN-LAT-TIM-T30-W10-D15,LINEAR,LATENCY,TIME_BASED,30,10,15,5,LOCAL,full,1,2026-07-05T20:02:38Z,0.0000,,,0.0000,0.8373
LIN-LAT-TIM-T30-W10-D15,LINEAR,LATENCY,TIME_BASED,30,10,15,5,LOCAL,full,2,2026-07-05T20:04:09Z,0.0000,,,0.0000,0.8349
LIN-LAT-TIM-T30-W10-D15,LINEAR,LATENCY,TIME_BASED,30,10,15,5,LOCAL,full,3,2026-07-05T20:05:38Z,0.0000,,,0.0000,0.8505
LIN-LAT-CNT-T30-W10-D30,LINEAR,LATENCY,COUNT_BASED,30,10,30,5,LOCAL,full,1,2026-07-05T20:06:45Z,20.0000,,,0.8600,0.8734
LIN-LAT-CNT-T30-W10-D30,LINEAR,LATENCY,COUNT_BASED,30,10,30,5,LOCAL,full,2,2026-07-05T20:07:52Z,20.0000,,,0.8800,0.8930
LIN-LAT-CNT-T30-W10-D30,LINEAR,LATENCY,COUNT_BASED,30,10,30,5,LOCAL,full,3,2026-07-05T20:08:58Z,20.0000,,,0.8600,0.8969
LIN-LAT-TIM-T30-W10-D30,LINEAR,LATENCY,TIME_BASED,30,10,30,5,LOCAL,full,1,2026-07-05T20:10:23Z,0.0000,,,0.0000,0.8463
LIN-LAT-TIM-T30-W10-D30,LINEAR,LATENCY,TIME_BASED,30,10,30,5,LOCAL,full,2,2026-07-05T20:11:57Z,0.0000,,,0.0000,0.8677
LIN-LAT-TIM-T30-W10-D30,LINEAR,LATENCY,TIME_BASED,30,10,30,5,LOCAL,full,3,2026-07-05T20:13:27Z,0.0000,,,0.0000,0.8683
LIN-LAT-CNT-T30-W20-D5,LINEAR,LATENCY,COUNT_BASED,30,20,5,5,LOCAL,full,1,2026-07-05T20:14:33Z,20.0000,,,0.8000,0.8350
LIN-LAT-CNT-T30-W20-D5,LINEAR,LATENCY,COUNT_BASED,30,20,5,5,LOCAL,full,2,2026-07-05T20:15:40Z,20.0000,,,0.8000,0.8052
LIN-LAT-CNT-T30-W20-D5,LINEAR,LATENCY,COUNT_BASED,30,20,5,5,LOCAL,full,3,2026-07-05T20:16:47Z,20.0000,,,0.8000,0.8505
LIN-LAT-TIM-T30-W20-D5,LINEAR,LATENCY,TIME_BASED,30,20,5,5,LOCAL,full,1,2026-07-05T20:18:18Z,0.0000,,,0.0000,0.8660
LIN-LAT-TIM-T30-W20-D5,LINEAR,LATENCY,TIME_BASED,30,20,5,5,LOCAL,full,2,2026-07-05T20:19:51Z,0.0000,,,0.0000,0.8381
LIN-LAT-TIM-T30-W20-D5,LINEAR,LATENCY,TIME_BASED,30,20,5,5,LOCAL,full,3,2026-07-05T20:21:23Z,0.0000,,,0.0000,0.8392
LIN-LAT-CNT-T30-W20-D15,LINEAR,LATENCY,COUNT_BASED,30,20,15,5,LOCAL,full,1,2026-07-05T20:22:30Z,20.0000,,,0.8000,0.8581
LIN-LAT-CNT-T30-W20-D15,LINEAR,LATENCY,COUNT_BASED,30,20,15,5,LOCAL,full,2,2026-07-05T20:23:37Z,20.0000,,,0.8000,0.8726
LIN-LAT-CNT-T30-W20-D15,LINEAR,LATENCY,COUNT_BASED,30,20,15,5,LOCAL,full,3,2026-07-05T20:24:45Z,20.0000,,,0.8000,0.8827
LIN-LAT-TIM-T30-W20-D15,LINEAR,LATENCY,TIME_BASED,30,20,15,5,LOCAL,full,1,2026-07-05T20:26:17Z,0.0000,,,0.0000,0.8291
LIN-LAT-TIM-T30-W20-D15,LINEAR,LATENCY,TIME_BASED,30,20,15,5,LOCAL,full,2,2026-07-05T20:27:49Z,0.0000,,,0.0000,0.8255
LIN-LAT-TIM-T30-W20-D15,LINEAR,LATENCY,TIME_BASED,30,20,15,5,LOCAL,full,3,2026-07-05T20:29:20Z,0.0000,,,0.0000,0.8619
LIN-LAT-CNT-T30-W20-D30,LINEAR,LATENCY,COUNT_BASED,30,20,30,5,LOCAL,full,1,2026-07-05T20:30:29Z,20.0000,,,0.8000,0.8738
LIN-LAT-CNT-T30-W20-D30,LINEAR,LATENCY,COUNT_BASED,30,20,30,5,LOCAL,full,2,2026-07-05T20:31:37Z,20.0000,,,0.8000,0.8443
LIN-LAT-CNT-T30-W20-D30,LINEAR,LATENCY,COUNT_BASED,30,20,30,5,LOCAL,full,3,2026-07-05T20:32:44Z,20.0000,,,0.8000,0.8680
LIN-LAT-TIM-T30-W20-D30,LINEAR,LATENCY,TIME_BASED,30,20,30,5,LOCAL,full,1,2026-07-05T20:34:18Z,0.0000,,,0.0000,0.8651
LIN-LAT-TIM-T30-W20-D30,LINEAR,LATENCY,TIME_BASED,30,20,30,5,LOCAL,full,2,2026-07-05T20:35:51Z,0.0000,,,0.0000,0.7933
LIN-LAT-TIM-T30-W20-D30,LINEAR,LATENCY,TIME_BASED,30,20,30,5,LOCAL,full,3,2026-07-05T20:37:24Z,0.0000,,,0.0000,0.8451
LIN-LAT-CNT-T50-W5-D5,LINEAR,LATENCY,COUNT_BASED,50,5,5,5,LOCAL,full,1,2026-07-05T20:38:38Z,20.0000,,,0.8600,0.8781
LIN-LAT-CNT-T50-W5-D5,LINEAR,LATENCY,COUNT_BASED,50,5,5,5,LOCAL,full,2,2026-07-05T20:39:55Z,20.0000,,,0.8600,0.8789
LIN-LAT-CNT-T50-W5-D5,LINEAR,LATENCY,COUNT_BASED,50,5,5,5,LOCAL,full,3,2026-07-05T20:41:12Z,20.0000,,,0.8600,0.8986
LIN-LAT-TIM-T50-W5-D5,LINEAR,LATENCY,TIME_BASED,50,5,5,5,LOCAL,full,1,2026-07-05T20:42:51Z,0.0000,,,0.0000,0.8363
LIN-LAT-TIM-T50-W5-D5,LINEAR,LATENCY,TIME_BASED,50,5,5,5,LOCAL,full,2,2026-07-05T20:44:28Z,0.0000,,,0.0000,0.8307
LIN-LAT-TIM-T50-W5-D5,LINEAR,LATENCY,TIME_BASED,50,5,5,5,LOCAL,full,3,2026-07-05T20:46:04Z,0.0000,,,0.0000,0.8626
LIN-LAT-CNT-T50-W5-D15,LINEAR,LATENCY,COUNT_BASED,50,5,15,5,LOCAL,full,1,2026-07-05T20:47:15Z,20.0000,,,0.8600,0.8812
LIN-LAT-CNT-T50-W5-D15,LINEAR,LATENCY,COUNT_BASED,50,5,15,5,LOCAL,full,2,2026-07-05T20:48:27Z,20.0000,,,0.8600,0.9015
LIN-LAT-CNT-T50-W5-D15,LINEAR,LATENCY,COUNT_BASED,50,5,15,5,LOCAL,full,3,2026-07-05T20:49:36Z,20.0000,,,0.8600,0.8724
LIN-LAT-TIM-T50-W5-D15,LINEAR,LATENCY,TIME_BASED,50,5,15,5,LOCAL,full,1,2026-07-05T20:51:11Z,0.0000,,,0.0000,0.8468
LIN-LAT-TIM-T50-W5-D15,LINEAR,LATENCY,TIME_BASED,50,5,15,5,LOCAL,full,2,2026-07-05T20:52:45Z,0.0000,,,0.0000,0.8747
LIN-LAT-TIM-T50-W5-D15,LINEAR,LATENCY,TIME_BASED,50,5,15,5,LOCAL,full,3,2026-07-05T20:54:21Z,0.0000,,,0.0000,0.8173
LIN-LAT-CNT-T50-W5-D30,LINEAR,LATENCY,COUNT_BASED,50,5,30,5,LOCAL,full,1,2026-07-05T20:55:30Z,20.0000,,,0.8600,0.8906
LIN-LAT-CNT-T50-W5-D30,LINEAR,LATENCY,COUNT_BASED,50,5,30,5,LOCAL,full,2,2026-07-05T20:56:40Z,20.0000,,,0.8600,0.8679
LIN-LAT-CNT-T50-W5-D30,LINEAR,LATENCY,COUNT_BASED,50,5,30,5,LOCAL,full,3,2026-07-05T20:57:50Z,20.0000,,,0.8600,0.8757
LIN-LAT-TIM-T50-W5-D30,LINEAR,LATENCY,TIME_BASED,50,5,30,5,LOCAL,full,1,2026-07-05T20:59:26Z,0.0000,,,0.0000,0.8688
LIN-LAT-TIM-T50-W5-D30,LINEAR,LATENCY,TIME_BASED,50,5,30,5,LOCAL,full,2,2026-07-05T21:00:57Z,0.0000,,,0.0000,0.8089
LIN-LAT-TIM-T50-W5-D30,LINEAR,LATENCY,TIME_BASED,50,5,30,5,LOCAL,full,3,2026-07-05T21:02:30Z,0.0000,,,0.0000,0.7684
LIN-LAT-CNT-T50-W10-D5,LINEAR,LATENCY,COUNT_BASED,50,10,5,5,LOCAL,full,1,2026-07-05T21:03:36Z,20.0000,,,0.8200,0.8095
LIN-LAT-CNT-T50-W10-D5,LINEAR,LATENCY,COUNT_BASED,50,10,5,5,LOCAL,full,2,2026-07-05T21:04:43Z,20.0000,,,0.8200,0.9022
LIN-LAT-CNT-T50-W10-D5,LINEAR,LATENCY,COUNT_BASED,50,10,5,5,LOCAL,full,3,2026-07-05T21:05:49Z,20.0000,,,0.8200,0.8820
LIN-LAT-TIM-T50-W10-D5,LINEAR,LATENCY,TIME_BASED,50,10,5,5,LOCAL,full,1,2026-07-05T21:07:20Z,0.0000,,,0.0000,0.7939
LIN-LAT-TIM-T50-W10-D5,LINEAR,LATENCY,TIME_BASED,50,10,5,5,LOCAL,full,2,2026-07-05T21:08:51Z,0.0000,,,0.0000,0.8064
LIN-LAT-TIM-T50-W10-D5,LINEAR,LATENCY,TIME_BASED,50,10,5,5,LOCAL,full,3,2026-07-05T21:10:22Z,0.0000,,,0.0000,0.7979
LIN-LAT-CNT-T50-W10-D15,LINEAR,LATENCY,COUNT_BASED,50,10,15,5,LOCAL,full,1,2026-07-05T21:11:28Z,20.0000,,,0.8200,0.8167
LIN-LAT-CNT-T50-W10-D15,LINEAR,LATENCY,COUNT_BASED,50,10,15,5,LOCAL,full,2,2026-07-05T21:12:38Z,20.0000,,,0.8200,0.8266
LIN-LAT-CNT-T50-W10-D15,LINEAR,LATENCY,COUNT_BASED,50,10,15,5,LOCAL,full,3,2026-07-05T21:13:45Z,20.0000,,,0.8200,0.8381
LIN-LAT-TIM-T50-W10-D15,LINEAR,LATENCY,TIME_BASED,50,10,15,5,LOCAL,full,1,2026-07-05T21:15:17Z,0.0000,,,0.0000,0.8844
LIN-LAT-TIM-T50-W10-D15,LINEAR,LATENCY,TIME_BASED,50,10,15,5,LOCAL,full,2,2026-07-05T21:16:48Z,0.0000,,,0.0000,0.8513
LIN-LAT-TIM-T50-W10-D15,LINEAR,LATENCY,TIME_BASED,50,10,15,5,LOCAL,full,3,2026-07-05T21:18:20Z,0.0000,,,0.0000,0.8459
LIN-LAT-CNT-T50-W10-D30,LINEAR,LATENCY,COUNT_BASED,50,10,30,5,LOCAL,full,1,2026-07-05T21:19:26Z,20.0000,,,0.8200,0.8626
LIN-LAT-CNT-T50-W10-D30,LINEAR,LATENCY,COUNT_BASED,50,10,30,5,LOCAL,full,2,2026-07-05T21:20:31Z,20.0000,,,0.8200,0.8636
LIN-LAT-CNT-T50-W10-D30,LINEAR,LATENCY,COUNT_BASED,50,10,30,5,LOCAL,full,3,2026-07-05T21:21:38Z,20.0000,,,0.8200,0.8407
LIN-LAT-TIM-T50-W10-D30,LINEAR,LATENCY,TIME_BASED,50,10,30,5,LOCAL,full,1,2026-07-05T21:23:05Z,0.0000,,,0.0000,0.8745
LIN-LAT-TIM-T50-W10-D30,LINEAR,LATENCY,TIME_BASED,50,10,30,5,LOCAL,full,2,2026-07-05T21:24:38Z,0.0000,,,0.0000,0.8586
LIN-LAT-TIM-T50-W10-D30,LINEAR,LATENCY,TIME_BASED,50,10,30,5,LOCAL,full,3,2026-07-05T21:26:06Z,0.0000,,,0.0000,0.8806
LIN-LAT-CNT-T50-W20-D5,LINEAR,LATENCY,COUNT_BASED,50,20,5,5,LOCAL,full,1,2026-07-05T21:27:15Z,20.0000,,,0.7200,0.8575
LIN-LAT-CNT-T50-W20-D5,LINEAR,LATENCY,COUNT_BASED,50,20,5,5,LOCAL,full,2,2026-07-05T21:28:24Z,20.0000,,,0.7200,0.8071
LIN-LAT-CNT-T50-W20-D5,LINEAR,LATENCY,COUNT_BASED,50,20,5,5,LOCAL,full,3,2026-07-05T21:29:34Z,20.0000,,,0.7200,0.8550
LIN-LAT-TIM-T50-W20-D5,LINEAR,LATENCY,TIME_BASED,50,20,5,5,LOCAL,full,1,2026-07-05T21:31:05Z,0.0000,,,0.0000,0.8301
LIN-LAT-TIM-T50-W20-D5,LINEAR,LATENCY,TIME_BASED,50,20,5,5,LOCAL,full,2,2026-07-05T21:32:36Z,0.0000,,,0.0000,0.8420
LIN-LAT-TIM-T50-W20-D5,LINEAR,LATENCY,TIME_BASED,50,20,5,5,LOCAL,full,3,2026-07-05T21:34:06Z,0.0000,,,0.0000,0.8469
LIN-LAT-CNT-T50-W20-D15,LINEAR,LATENCY,COUNT_BASED,50,20,15,5,LOCAL,full,1,2026-07-05T21:35:08Z,20.0000,,,0.7200,0.8677
LIN-LAT-CNT-T50-W20-D15,LINEAR,LATENCY,COUNT_BASED,50,20,15,5,LOCAL,full,2,2026-07-05T21:36:16Z,20.0000,,,0.7200,0.8425
LIN-LAT-CNT-T50-W20-D15,LINEAR,LATENCY,COUNT_BASED,50,20,15,5,LOCAL,full,3,2026-07-05T21:37:23Z,20.0000,,,0.7200,0.8303
LIN-LAT-TIM-T50-W20-D15,LINEAR,LATENCY,TIME_BASED,50,20,15,5,LOCAL,full,1,2026-07-05T21:38:46Z,0.0000,,,0.0000,0.8517
LIN-LAT-TIM-T50-W20-D15,LINEAR,LATENCY,TIME_BASED,50,20,15,5,LOCAL,full,2,2026-07-05T21:40:11Z,0.0000,,,0.0000,0.8641
LIN-LAT-TIM-T50-W20-D15,LINEAR,LATENCY,TIME_BASED,50,20,15,5,LOCAL,full,3,2026-07-05T21:41:41Z,0.0000,,,0.0000,0.8461
LIN-LAT-CNT-T50-W20-D30,LINEAR,LATENCY,COUNT_BASED,50,20,30,5,LOCAL,full,1,2026-07-05T21:42:45Z,20.0000,,,0.7200,0.8817
LIN-LAT-CNT-T50-W20-D30,LINEAR,LATENCY,COUNT_BASED,50,20,30,5,LOCAL,full,2,2026-07-05T21:43:54Z,20.0000,,,0.7200,0.8714
LIN-LAT-CNT-T50-W20-D30,LINEAR,LATENCY,COUNT_BASED,50,20,30,5,LOCAL,full,3,2026-07-05T21:44:58Z,20.0000,,,0.7200,0.8719
LIN-LAT-TIM-T50-W20-D30,LINEAR,LATENCY,TIME_BASED,50,20,30,5,LOCAL,full,1,2026-07-05T21:46:24Z,0.0000,,,0.0000,0.8146
LIN-LAT-TIM-T50-W20-D30,LINEAR,LATENCY,TIME_BASED,50,20,30,5,LOCAL,full,2,2026-07-05T21:47:52Z,0.0000,,,0.0000,0.8689
LIN-LAT-TIM-T50-W20-D30,LINEAR,LATENCY,TIME_BASED,50,20,30,5,LOCAL,full,3,2026-07-05T21:49:17Z,0.0000,,,0.0000,0.8284
LIN-LAT-CNT-T70-W5-D5,LINEAR,LATENCY,COUNT_BASED,70,5,5,5,LOCAL,full,1,2026-07-05T21:50:17Z,20.0000,,,0.8400,0.8818
LIN-LAT-CNT-T70-W5-D5,LINEAR,LATENCY,COUNT_BASED,70,5,5,5,LOCAL,full,2,2026-07-05T21:51:19Z,20.0000,,,0.8400,0.8595
LIN-LAT-CNT-T70-W5-D5,LINEAR,LATENCY,COUNT_BASED,70,5,5,5,LOCAL,full,3,2026-07-05T21:52:25Z,20.0000,,,0.8400,0.8696
LIN-LAT-TIM-T70-W5-D5,LINEAR,LATENCY,TIME_BASED,70,5,5,5,LOCAL,full,1,2026-07-05T21:53:55Z,0.0000,,,0.0000,0.8246
LIN-LAT-TIM-T70-W5-D5,LINEAR,LATENCY,TIME_BASED,70,5,5,5,LOCAL,full,2,2026-07-05T21:55:21Z,0.0000,,,0.0000,0.8533
LIN-LAT-TIM-T70-W5-D5,LINEAR,LATENCY,TIME_BASED,70,5,5,5,LOCAL,full,3,2026-07-05T21:56:50Z,0.0000,,,0.0000,0.8760
LIN-LAT-CNT-T70-W5-D15,LINEAR,LATENCY,COUNT_BASED,70,5,15,5,LOCAL,full,1,2026-07-05T21:57:53Z,20.0000,,,0.8400,0.8999
LIN-LAT-CNT-T70-W5-D15,LINEAR,LATENCY,COUNT_BASED,70,5,15,5,LOCAL,full,2,2026-07-05T21:58:55Z,20.0000,,,0.8400,0.9048
LIN-LAT-CNT-T70-W5-D15,LINEAR,LATENCY,COUNT_BASED,70,5,15,5,LOCAL,full,3,2026-07-05T22:00:03Z,20.0000,,,0.8400,0.9113
LIN-LAT-TIM-T70-W5-D15,LINEAR,LATENCY,TIME_BASED,70,5,15,5,LOCAL,full,1,2026-07-05T22:01:33Z,0.0000,,,0.0000,0.8449
LIN-LAT-TIM-T70-W5-D15,LINEAR,LATENCY,TIME_BASED,70,5,15,5,LOCAL,full,2,2026-07-05T22:02:58Z,0.0000,,,0.0000,0.7586
LIN-LAT-TIM-T70-W5-D15,LINEAR,LATENCY,TIME_BASED,70,5,15,5,LOCAL,full,3,2026-07-05T22:04:22Z,0.0000,,,0.0000,0.8580
LIN-LAT-CNT-T70-W5-D30,LINEAR,LATENCY,COUNT_BASED,70,5,30,5,LOCAL,full,1,2026-07-05T22:05:22Z,20.0000,,,0.8400,0.8624
LIN-LAT-CNT-T70-W5-D30,LINEAR,LATENCY,COUNT_BASED,70,5,30,5,LOCAL,full,2,2026-07-05T22:06:24Z,20.0000,,,0.8400,0.8552
LIN-LAT-CNT-T70-W5-D30,LINEAR,LATENCY,COUNT_BASED,70,5,30,5,LOCAL,full,3,2026-07-05T22:07:24Z,20.0000,,,0.8400,0.8913
LIN-LAT-TIM-T70-W5-D30,LINEAR,LATENCY,TIME_BASED,70,5,30,5,LOCAL,full,1,2026-07-05T22:08:51Z,0.0000,,,0.0000,0.8373
LIN-LAT-TIM-T70-W5-D30,LINEAR,LATENCY,TIME_BASED,70,5,30,5,LOCAL,full,2,2026-07-05T22:10:16Z,0.0000,,,0.0000,0.8597
LIN-LAT-TIM-T70-W5-D30,LINEAR,LATENCY,TIME_BASED,70,5,30,5,LOCAL,full,3,2026-07-05T22:11:43Z,0.0000,,,0.0000,0.8796
LIN-LAT-CNT-T70-W10-D5,LINEAR,LATENCY,COUNT_BASED,70,10,5,5,LOCAL,full,1,2026-07-05T22:12:49Z,20.0000,,,0.7800,0.9052
LIN-LAT-CNT-T70-W10-D5,LINEAR,LATENCY,COUNT_BASED,70,10,5,5,LOCAL,full,2,2026-07-05T22:14:00Z,20.0000,,,0.7800,0.9203
LIN-LAT-CNT-T70-W10-D5,LINEAR,LATENCY,COUNT_BASED,70,10,5,5,LOCAL,full,3,2026-07-05T22:15:07Z,20.0000,,,0.8000,0.8675
LIN-LAT-TIM-T70-W10-D5,LINEAR,LATENCY,TIME_BASED,70,10,5,5,LOCAL,full,1,2026-07-05T22:16:34Z,0.0000,,,0.0000,0.8847
LIN-LAT-TIM-T70-W10-D5,LINEAR,LATENCY,TIME_BASED,70,10,5,5,LOCAL,full,2,2026-07-05T22:17:59Z,0.0000,,,0.0000,0.8235
LIN-LAT-TIM-T70-W10-D5,LINEAR,LATENCY,TIME_BASED,70,10,5,5,LOCAL,full,3,2026-07-05T22:19:25Z,0.0000,,,0.0000,0.8192
LIN-LAT-CNT-T70-W10-D15,LINEAR,LATENCY,COUNT_BASED,70,10,15,5,LOCAL,full,1,2026-07-05T22:20:26Z,20.0000,,,0.8000,0.8661
LIN-LAT-CNT-T70-W10-D15,LINEAR,LATENCY,COUNT_BASED,70,10,15,5,LOCAL,full,2,2026-07-05T22:21:36Z,20.0000,,,0.7800,0.8546
LIN-LAT-CNT-T70-W10-D15,LINEAR,LATENCY,COUNT_BASED,70,10,15,5,LOCAL,full,3,2026-07-05T22:22:43Z,20.0000,,,0.7800,0.8612
LIN-LAT-TIM-T70-W10-D15,LINEAR,LATENCY,TIME_BASED,70,10,15,5,LOCAL,full,1,2026-07-05T22:24:08Z,0.0000,,,0.0000,0.8374
LIN-LAT-TIM-T70-W10-D15,LINEAR,LATENCY,TIME_BASED,70,10,15,5,LOCAL,full,2,2026-07-05T22:25:33Z,0.0000,,,0.0000,0.8383
LIN-LAT-TIM-T70-W10-D15,LINEAR,LATENCY,TIME_BASED,70,10,15,5,LOCAL,full,3,2026-07-05T22:26:58Z,0.0000,,,0.0000,0.8583
LIN-LAT-CNT-T70-W10-D30,LINEAR,LATENCY,COUNT_BASED,70,10,30,5,LOCAL,full,1,2026-07-05T22:28:06Z,20.0000,,,0.7800,0.8923
LIN-LAT-CNT-T70-W10-D30,LINEAR,LATENCY,COUNT_BASED,70,10,30,5,LOCAL,full,2,2026-07-05T22:29:10Z,20.0000,,,0.7800,0.8510
LIN-LAT-CNT-T70-W10-D30,LINEAR,LATENCY,COUNT_BASED,70,10,30,5,LOCAL,full,3,2026-07-05T22:30:14Z,20.0000,,,0.7800,0.8475
LIN-LAT-TIM-T70-W10-D30,LINEAR,LATENCY,TIME_BASED,70,10,30,5,LOCAL,full,1,2026-07-05T22:31:43Z,0.0000,,,0.0000,0.8112
LIN-LAT-TIM-T70-W10-D30,LINEAR,LATENCY,TIME_BASED,70,10,30,5,LOCAL,full,2,2026-07-05T22:33:07Z,0.0000,,,0.0000,0.8285
LIN-LAT-TIM-T70-W10-D30,LINEAR,LATENCY,TIME_BASED,70,10,30,5,LOCAL,full,3,2026-07-05T22:34:37Z,0.0000,,,0.0000,0.8588
LIN-LAT-CNT-T70-W20-D5,LINEAR,LATENCY,COUNT_BASED,70,20,5,5,LOCAL,full,1,2026-07-05T22:36:01Z,20.0000,,,0.6400,0.8491
LIN-LAT-CNT-T70-W20-D5,LINEAR,LATENCY,COUNT_BASED,70,20,5,5,LOCAL,full,2,2026-07-05T22:37:16Z,20.0000,,,0.6400,0.8534
LIN-LAT-CNT-T70-W20-D5,LINEAR,LATENCY,COUNT_BASED,70,20,5,5,LOCAL,full,3,2026-07-05T22:38:26Z,20.0000,,,0.6400,0.8678
LIN-LAT-TIM-T70-W20-D5,LINEAR,LATENCY,TIME_BASED,70,20,5,5,LOCAL,full,1,2026-07-05T22:39:50Z,0.0000,,,0.0000,0.8368
LIN-LAT-TIM-T70-W20-D5,LINEAR,LATENCY,TIME_BASED,70,20,5,5,LOCAL,full,2,2026-07-05T22:41:16Z,0.0000,,,0.0000,0.8366
LIN-LAT-TIM-T70-W20-D5,LINEAR,LATENCY,TIME_BASED,70,20,5,5,LOCAL,full,3,2026-07-05T22:42:41Z,0.0000,,,0.0000,0.8444
LIN-LAT-CNT-T70-W20-D15,LINEAR,LATENCY,COUNT_BASED,70,20,15,5,LOCAL,full,1,2026-07-05T22:43:47Z,20.0000,,,0.6400,0.8677
LIN-LAT-CNT-T70-W20-D15,LINEAR,LATENCY,COUNT_BASED,70,20,15,5,LOCAL,full,2,2026-07-05T22:44:52Z,20.0000,,,0.6400,0.8421
LIN-LAT-CNT-T70-W20-D15,LINEAR,LATENCY,COUNT_BASED,70,20,15,5,LOCAL,full,3,2026-07-05T22:45:58Z,20.0000,,,0.6400,0.8786
LIN-LAT-TIM-T70-W20-D15,LINEAR,LATENCY,TIME_BASED,70,20,15,5,LOCAL,full,1,2026-07-05T22:47:23Z,0.0000,,,0.0000,0.8399
LIN-LAT-TIM-T70-W20-D15,LINEAR,LATENCY,TIME_BASED,70,20,15,5,LOCAL,full,2,2026-07-05T22:48:46Z,0.0000,,,0.0000,0.8133
LIN-LAT-TIM-T70-W20-D15,LINEAR,LATENCY,TIME_BASED,70,20,15,5,LOCAL,full,3,2026-07-05T22:50:12Z,0.0000,,,0.0000,0.8662
LIN-LAT-CNT-T70-W20-D30,LINEAR,LATENCY,COUNT_BASED,70,20,30,5,LOCAL,full,1,2026-07-05T22:51:19Z,20.0000,,,0.6400,0.8419
LIN-LAT-CNT-T70-W20-D30,LINEAR,LATENCY,COUNT_BASED,70,20,30,5,LOCAL,full,2,2026-07-05T22:52:30Z,20.0000,,,0.6400,0.8457
LIN-LAT-CNT-T70-W20-D30,LINEAR,LATENCY,COUNT_BASED,70,20,30,5,LOCAL,full,3,2026-07-05T22:53:43Z,20.0000,,,0.6400,0.8843
LIN-LAT-TIM-T70-W20-D30,LINEAR,LATENCY,TIME_BASED,70,20,30,5,LOCAL,full,1,2026-07-05T22:55:09Z,0.0000,,,0.0000,0.8231
LIN-LAT-TIM-T70-W20-D30,LINEAR,LATENCY,TIME_BASED,70,20,30,5,LOCAL,full,2,2026-07-05T22:56:34Z,0.0000,,,0.0000,0.8558
LIN-LAT-TIM-T70-W20-D30,LINEAR,LATENCY,TIME_BASED,70,20,30,5,LOCAL,full,3,2026-07-05T22:57:59Z,0.0000,,,0.0000,0.7874
LIN-CRS-CNT-T30-W5-D5,LINEAR,CRASH,COUNT_BASED,30,5,5,5,LOCAL,full,1,2026-07-06T00:43:48Z,40.0000,,,1.0000,1.0000
LIN-CRS-CNT-T30-W5-D5,LINEAR,CRASH,COUNT_BASED,30,5,5,5,LOCAL,full,2,2026-07-06T00:44:53Z,40.0000,,,1.0000,1.0000
LIN-CRS-CNT-T30-W5-D5,LINEAR,CRASH,COUNT_BASED,30,5,5,5,LOCAL,full,3,2026-07-06T00:46:06Z,40.0000,,,1.0000,1.0000
LIN-CRS-TIM-T30-W5-D5,LINEAR,CRASH,TIME_BASED,30,5,5,5,LOCAL,full,1,2026-07-06T00:47:22Z,0.0000,,,1.0000,1.0000
LIN-CRS-TIM-T30-W5-D5,LINEAR,CRASH,TIME_BASED,30,5,5,5,LOCAL,full,2,2026-07-06T00:48:35Z,0.0000,,,1.0000,1.0000
LIN-CRS-TIM-T30-W5-D5,LINEAR,CRASH,TIME_BASED,30,5,5,5,LOCAL,full,3,2026-07-06T00:49:49Z,0.0000,,,1.0000,1.0000
LIN-CRS-CNT-T30-W5-D15,LINEAR,CRASH,COUNT_BASED,30,5,15,5,LOCAL,full,1,2026-07-06T00:50:54Z,40.0000,,,1.0000,1.0000
LIN-CRS-CNT-T30-W5-D15,LINEAR,CRASH,COUNT_BASED,30,5,15,5,LOCAL,full,2,2026-07-06T00:52:00Z,40.0000,,,1.0000,1.0000
LIN-CRS-CNT-T30-W5-D15,LINEAR,CRASH,COUNT_BASED,30,5,15,5,LOCAL,full,3,2026-07-06T00:53:02Z,40.0000,,,1.0000,1.0000
LIN-CRS-TIM-T30-W5-D15,LINEAR,CRASH,TIME_BASED,30,5,15,5,LOCAL,full,1,2026-07-06T00:54:19Z,0.0000,,,1.0000,1.0000
LIN-CRS-TIM-T30-W5-D15,LINEAR,CRASH,TIME_BASED,30,5,15,5,LOCAL,full,2,2026-07-06T00:55:37Z,0.0000,,,1.0000,1.0000
LIN-CRS-TIM-T30-W5-D15,LINEAR,CRASH,TIME_BASED,30,5,15,5,LOCAL,full,3,2026-07-06T00:56:57Z,0.0000,,,1.0000,1.0000
LIN-CRS-CNT-T30-W5-D30,LINEAR,CRASH,COUNT_BASED,30,5,30,5,LOCAL,full,1,2026-07-06T00:57:59Z,40.0000,,,1.0000,1.0000
LIN-CRS-CNT-T30-W5-D30,LINEAR,CRASH,COUNT_BASED,30,5,30,5,LOCAL,full,2,2026-07-06T00:59:00Z,40.0000,,,1.0000,1.0000
LIN-CRS-CNT-T30-W5-D30,LINEAR,CRASH,COUNT_BASED,30,5,30,5,LOCAL,full,3,2026-07-06T00:59:57Z,40.0000,,,1.0000,1.0000
LIN-CRS-TIM-T30-W5-D30,LINEAR,CRASH,TIME_BASED,30,5,30,5,LOCAL,full,1,2026-07-06T01:01:10Z,0.0000,,,1.0000,1.0000
LIN-CRS-TIM-T30-W5-D30,LINEAR,CRASH,TIME_BASED,30,5,30,5,LOCAL,full,2,2026-07-06T01:02:20Z,0.0000,,,1.0000,1.0000
LIN-CRS-TIM-T30-W5-D30,LINEAR,CRASH,TIME_BASED,30,5,30,5,LOCAL,full,3,2026-07-06T01:03:34Z,0.0000,,,1.0000,1.0000
LIN-CRS-CNT-T30-W10-D5,LINEAR,CRASH,COUNT_BASED,30,10,5,5,LOCAL,full,1,2026-07-06T01:04:37Z,40.0000,,,1.0000,1.0000
LIN-CRS-CNT-T30-W10-D5,LINEAR,CRASH,COUNT_BASED,30,10,5,5,LOCAL,full,2,2026-07-06T01:05:38Z,40.0000,,,1.0000,1.0000
LIN-CRS-CNT-T30-W10-D5,LINEAR,CRASH,COUNT_BASED,30,10,5,5,LOCAL,full,3,2026-07-06T01:06:42Z,40.0000,,,1.0000,1.0000
LIN-CRS-TIM-T30-W10-D5,LINEAR,CRASH,TIME_BASED,30,10,5,5,LOCAL,full,1,2026-07-06T01:07:53Z,0.0000,,,1.0000,1.0000
LIN-CRS-TIM-T30-W10-D5,LINEAR,CRASH,TIME_BASED,30,10,5,5,LOCAL,full,2,2026-07-06T01:09:04Z,0.0000,,,1.0000,1.0000
LIN-CRS-TIM-T30-W10-D5,LINEAR,CRASH,TIME_BASED,30,10,5,5,LOCAL,full,3,2026-07-06T01:10:16Z,0.0000,,,1.0000,1.0000
LIN-CRS-CNT-T30-W10-D15,LINEAR,CRASH,COUNT_BASED,30,10,15,5,LOCAL,full,1,2026-07-06T01:11:16Z,40.0000,,,1.0000,1.0000
LIN-CRS-CNT-T30-W10-D15,LINEAR,CRASH,COUNT_BASED,30,10,15,5,LOCAL,full,2,2026-07-06T01:12:18Z,40.0000,,,1.0000,1.0000
LIN-CRS-CNT-T30-W10-D15,LINEAR,CRASH,COUNT_BASED,30,10,15,5,LOCAL,full,3,2026-07-06T01:13:20Z,40.0000,,,1.0000,1.0000
LIN-CRS-TIM-T30-W10-D15,LINEAR,CRASH,TIME_BASED,30,10,15,5,LOCAL,full,1,2026-07-06T01:14:31Z,0.0000,,,1.0000,1.0000
LIN-CRS-TIM-T30-W10-D15,LINEAR,CRASH,TIME_BASED,30,10,15,5,LOCAL,full,2,2026-07-06T01:15:43Z,0.0000,,,1.0000,1.0000
LIN-CRS-TIM-T30-W10-D15,LINEAR,CRASH,TIME_BASED,30,10,15,5,LOCAL,full,3,2026-07-06T01:16:53Z,0.0000,,,1.0000,1.0000
LIN-CRS-CNT-T30-W10-D30,LINEAR,CRASH,COUNT_BASED,30,10,30,5,LOCAL,full,1,2026-07-06T01:17:54Z,40.0000,,,1.0000,1.0000
LIN-CRS-CNT-T30-W10-D30,LINEAR,CRASH,COUNT_BASED,30,10,30,5,LOCAL,full,2,2026-07-06T01:19:06Z,0.0000,,,1.0000,1.0000
LIN-CRS-CNT-T30-W10-D30,LINEAR,CRASH,COUNT_BASED,30,10,30,5,LOCAL,full,3,2026-07-06T01:20:08Z,40.0000,,,1.0000,1.0000
LIN-CRS-TIM-T30-W10-D30,LINEAR,CRASH,TIME_BASED,30,10,30,5,LOCAL,full,1,2026-07-06T01:21:19Z,0.0000,,,1.0000,1.0000
LIN-CRS-TIM-T30-W10-D30,LINEAR,CRASH,TIME_BASED,30,10,30,5,LOCAL,full,2,2026-07-06T01:22:31Z,0.0000,,,1.0000,1.0000
LIN-CRS-TIM-T30-W10-D30,LINEAR,CRASH,TIME_BASED,30,10,30,5,LOCAL,full,3,2026-07-06T01:23:42Z,0.0000,,,1.0000,1.0000
LIN-CRS-CNT-T30-W20-D5,LINEAR,CRASH,COUNT_BASED,30,20,5,5,LOCAL,full,1,2026-07-06T01:24:44Z,40.0000,,,1.0000,1.0000
LIN-CRS-CNT-T30-W20-D5,LINEAR,CRASH,COUNT_BASED,30,20,5,5,LOCAL,full,2,2026-07-06T01:25:45Z,40.0000,,,1.0000,1.0000
LIN-CRS-CNT-T30-W20-D5,LINEAR,CRASH,COUNT_BASED,30,20,5,5,LOCAL,full,3,2026-07-06T01:26:46Z,40.0000,,,1.0000,1.0000
LIN-CRS-TIM-T30-W20-D5,LINEAR,CRASH,TIME_BASED,30,20,5,5,LOCAL,full,1,2026-07-06T01:27:57Z,0.0000,,,1.0000,1.0000
LIN-CRS-TIM-T30-W20-D5,LINEAR,CRASH,TIME_BASED,30,20,5,5,LOCAL,full,2,2026-07-06T01:29:07Z,0.0000,,,1.0000,1.0000
LIN-CRS-TIM-T30-W20-D5,LINEAR,CRASH,TIME_BASED,30,20,5,5,LOCAL,full,3,2026-07-06T01:30:17Z,0.0000,,,1.0000,1.0000
LIN-CRS-CNT-T30-W20-D15,LINEAR,CRASH,COUNT_BASED,30,20,15,5,LOCAL,full,1,2026-07-06T01:31:22Z,40.0000,,,1.0000,1.0000
LIN-CRS-CNT-T30-W20-D15,LINEAR,CRASH,COUNT_BASED,30,20,15,5,LOCAL,full,2,2026-07-06T01:32:27Z,40.0000,,,1.0000,1.0000
LIN-CRS-CNT-T30-W20-D15,LINEAR,CRASH,COUNT_BASED,30,20,15,5,LOCAL,full,3,2026-07-06T01:33:28Z,40.0000,,,1.0000,1.0000
LIN-CRS-TIM-T30-W20-D15,LINEAR,CRASH,TIME_BASED,30,20,15,5,LOCAL,full,1,2026-07-06T01:34:38Z,0.0000,,,1.0000,1.0000
LIN-CRS-TIM-T30-W20-D15,LINEAR,CRASH,TIME_BASED,30,20,15,5,LOCAL,full,2,2026-07-06T01:35:49Z,0.0000,,,1.0000,1.0000
LIN-CRS-TIM-T30-W20-D15,LINEAR,CRASH,TIME_BASED,30,20,15,5,LOCAL,full,3,2026-07-06T01:37:02Z,0.0000,,,1.0000,1.0000
LIN-CRS-CNT-T30-W20-D30,LINEAR,CRASH,COUNT_BASED,30,20,30,5,LOCAL,full,1,2026-07-06T01:38:06Z,40.0000,,,1.0000,1.0000
LIN-CRS-CNT-T30-W20-D30,LINEAR,CRASH,COUNT_BASED,30,20,30,5,LOCAL,full,2,2026-07-06T01:39:10Z,40.0000,,,1.0000,1.0000
LIN-CRS-CNT-T30-W20-D30,LINEAR,CRASH,COUNT_BASED,30,20,30,5,LOCAL,full,3,2026-07-06T01:40:13Z,40.0000,,,1.0000,1.0000
LIN-CRS-TIM-T30-W20-D30,LINEAR,CRASH,TIME_BASED,30,20,30,5,LOCAL,full,1,2026-07-06T01:41:27Z,0.0000,,,1.0000,1.0000
LIN-CRS-TIM-T30-W20-D30,LINEAR,CRASH,TIME_BASED,30,20,30,5,LOCAL,full,2,2026-07-06T01:42:39Z,0.0000,,,1.0000,1.0000
LIN-CRS-TIM-T30-W20-D30,LINEAR,CRASH,TIME_BASED,30,20,30,5,LOCAL,full,3,2026-07-06T01:43:52Z,0.0000,,,1.0000,1.0000
LIN-CRS-CNT-T50-W5-D5,LINEAR,CRASH,COUNT_BASED,50,5,5,5,LOCAL,full,1,2026-07-06T01:44:54Z,40.0000,,,1.0000,1.0000
LIN-CRS-CNT-T50-W5-D5,LINEAR,CRASH,COUNT_BASED,50,5,5,5,LOCAL,full,2,2026-07-06T01:45:56Z,40.0000,,,1.0000,1.0000
LIN-CRS-CNT-T50-W5-D5,LINEAR,CRASH,COUNT_BASED,50,5,5,5,LOCAL,full,3,2026-07-06T01:46:59Z,40.0000,,,1.0000,1.0000
LIN-CRS-TIM-T50-W5-D5,LINEAR,CRASH,TIME_BASED,50,5,5,5,LOCAL,full,1,2026-07-06T01:48:11Z,0.0000,,,1.0000,1.0000
LIN-CRS-TIM-T50-W5-D5,LINEAR,CRASH,TIME_BASED,50,5,5,5,LOCAL,full,2,2026-07-06T01:49:23Z,0.0000,,,1.0000,1.0000
LIN-CRS-TIM-T50-W5-D5,LINEAR,CRASH,TIME_BASED,50,5,5,5,LOCAL,full,3,2026-07-06T01:50:35Z,0.0000,,,1.0000,1.0000
LIN-CRS-CNT-T50-W5-D15,LINEAR,CRASH,COUNT_BASED,50,5,15,5,LOCAL,full,1,2026-07-06T01:51:46Z,0.0000,,,1.0000,1.0000
LIN-CRS-CNT-T50-W5-D15,LINEAR,CRASH,COUNT_BASED,50,5,15,5,LOCAL,full,2,2026-07-06T01:52:50Z,40.0000,,,1.0000,1.0000
LIN-CRS-CNT-T50-W5-D15,LINEAR,CRASH,COUNT_BASED,50,5,15,5,LOCAL,full,3,2026-07-06T01:53:53Z,40.0000,,,1.0000,1.0000
LIN-CRS-TIM-T50-W5-D15,LINEAR,CRASH,TIME_BASED,50,5,15,5,LOCAL,full,1,2026-07-06T01:55:04Z,0.0000,,,1.0000,1.0000
LIN-CRS-TIM-T50-W5-D15,LINEAR,CRASH,TIME_BASED,50,5,15,5,LOCAL,full,2,2026-07-06T01:56:16Z,0.0000,,,1.0000,1.0000
LIN-CRS-TIM-T50-W5-D15,LINEAR,CRASH,TIME_BASED,50,5,15,5,LOCAL,full,3,2026-07-06T01:57:27Z,0.0000,,,1.0000,1.0000
LIN-CRS-CNT-T50-W5-D30,LINEAR,CRASH,COUNT_BASED,50,5,30,5,LOCAL,full,1,2026-07-06T01:58:30Z,40.0000,,,1.0000,1.0000
LIN-CRS-CNT-T50-W5-D30,LINEAR,CRASH,COUNT_BASED,50,5,30,5,LOCAL,full,2,2026-07-06T01:59:34Z,40.0000,,,1.0000,1.0000
LIN-CRS-CNT-T50-W5-D30,LINEAR,CRASH,COUNT_BASED,50,5,30,5,LOCAL,full,3,2026-07-06T02:00:36Z,40.0000,,,1.0000,1.0000
LIN-CRS-TIM-T50-W5-D30,LINEAR,CRASH,TIME_BASED,50,5,30,5,LOCAL,full,1,2026-07-06T02:01:46Z,0.0000,,,1.0000,1.0000
LIN-CRS-TIM-T50-W5-D30,LINEAR,CRASH,TIME_BASED,50,5,30,5,LOCAL,full,2,2026-07-06T02:02:55Z,0.0000,,,1.0000,1.0000
LIN-CRS-TIM-T50-W5-D30,LINEAR,CRASH,TIME_BASED,50,5,30,5,LOCAL,full,3,2026-07-06T02:04:07Z,0.0000,,,1.0000,1.0000
LIN-CRS-CNT-T50-W10-D5,LINEAR,CRASH,COUNT_BASED,50,10,5,5,LOCAL,full,1,2026-07-06T02:05:10Z,40.0000,,,1.0000,1.0000
LIN-CRS-CNT-T50-W10-D5,LINEAR,CRASH,COUNT_BASED,50,10,5,5,LOCAL,full,2,2026-07-06T02:06:14Z,40.0000,,,1.0000,1.0000
LIN-CRS-CNT-T50-W10-D5,LINEAR,CRASH,COUNT_BASED,50,10,5,5,LOCAL,full,3,2026-07-06T02:07:17Z,40.0000,,,1.0000,1.0000
LIN-CRS-TIM-T50-W10-D5,LINEAR,CRASH,TIME_BASED,50,10,5,5,LOCAL,full,1,2026-07-06T02:08:28Z,0.0000,,,1.0000,1.0000
LIN-CRS-TIM-T50-W10-D5,LINEAR,CRASH,TIME_BASED,50,10,5,5,LOCAL,full,2,2026-07-06T02:09:39Z,0.0000,,,1.0000,1.0000
LIN-CRS-TIM-T50-W10-D5,LINEAR,CRASH,TIME_BASED,50,10,5,5,LOCAL,full,3,2026-07-06T02:10:47Z,0.0000,,,1.0000,1.0000
LIN-CRS-CNT-T50-W10-D15,LINEAR,CRASH,COUNT_BASED,50,10,15,5,LOCAL,full,1,2026-07-06T02:11:52Z,40.0000,,,1.0000,1.0000
LIN-CRS-CNT-T50-W10-D15,LINEAR,CRASH,COUNT_BASED,50,10,15,5,LOCAL,full,2,2026-07-06T02:12:54Z,40.0000,,,1.0000,1.0000
LIN-CRS-CNT-T50-W10-D15,LINEAR,CRASH,COUNT_BASED,50,10,15,5,LOCAL,full,3,2026-07-06T02:13:58Z,40.0000,,,1.0000,1.0000
LIN-CRS-TIM-T50-W10-D15,LINEAR,CRASH,TIME_BASED,50,10,15,5,LOCAL,full,1,2026-07-06T02:15:09Z,0.0000,,,1.0000,1.0000
LIN-CRS-TIM-T50-W10-D15,LINEAR,CRASH,TIME_BASED,50,10,15,5,LOCAL,full,2,2026-07-06T02:16:21Z,0.0000,,,1.0000,1.0000
LIN-CRS-TIM-T50-W10-D15,LINEAR,CRASH,TIME_BASED,50,10,15,5,LOCAL,full,3,2026-07-06T02:17:59Z,0.0000,,,1.0000,1.0000
LIN-CRS-CNT-T50-W10-D30,LINEAR,CRASH,COUNT_BASED,50,10,30,5,LOCAL,full,1,2026-07-06T02:19:21Z,40.0000,,,1.0000,1.0000
LIN-CRS-CNT-T50-W10-D30,LINEAR,CRASH,COUNT_BASED,50,10,30,5,LOCAL,full,2,2026-07-06T02:20:45Z,40.0000,,,1.0000,1.0000
LIN-CRS-CNT-T50-W10-D30,LINEAR,CRASH,COUNT_BASED,50,10,30,5,LOCAL,full,3,2026-07-06T02:22:07Z,40.0000,,,1.0000,1.0000
LIN-CRS-TIM-T50-W10-D30,LINEAR,CRASH,TIME_BASED,50,10,30,5,LOCAL,full,1,2026-07-06T02:23:41Z,0.0000,,,1.0000,1.0000
LIN-CRS-TIM-T50-W10-D30,LINEAR,CRASH,TIME_BASED,50,10,30,5,LOCAL,full,2,2026-07-06T02:25:14Z,0.0000,,,1.0000,1.0000
LIN-CRS-TIM-T50-W10-D30,LINEAR,CRASH,TIME_BASED,50,10,30,5,LOCAL,full,3,2026-07-06T02:26:48Z,0.0000,,,1.0000,1.0000
LIN-CRS-CNT-T50-W20-D5,LINEAR,CRASH,COUNT_BASED,50,20,5,5,LOCAL,full,1,2026-07-06T02:28:10Z,40.0000,,,1.0000,1.0000
LIN-CRS-CNT-T50-W20-D5,LINEAR,CRASH,COUNT_BASED,50,20,5,5,LOCAL,full,2,2026-07-06T02:29:32Z,40.0000,,,1.0000,1.0000
LIN-CRS-CNT-T50-W20-D5,LINEAR,CRASH,COUNT_BASED,50,20,5,5,LOCAL,full,3,2026-07-06T02:30:54Z,40.0000,,,1.0000,1.0000
LIN-CRS-TIM-T50-W20-D5,LINEAR,CRASH,TIME_BASED,50,20,5,5,LOCAL,full,1,2026-07-06T02:32:11Z,0.0000,,,1.0000,1.0000
LIN-CRS-TIM-T50-W20-D5,LINEAR,CRASH,TIME_BASED,50,20,5,5,LOCAL,full,2,2026-07-06T02:33:26Z,0.0000,,,1.0000,1.0000
LIN-CRS-TIM-T50-W20-D5,LINEAR,CRASH,TIME_BASED,50,20,5,5,LOCAL,full,3,2026-07-06T02:34:42Z,0.0000,,,1.0000,1.0000
LIN-CRS-CNT-T50-W20-D15,LINEAR,CRASH,COUNT_BASED,50,20,15,5,LOCAL,full,1,2026-07-06T02:35:50Z,40.0000,,,1.0000,1.0000
LIN-CRS-CNT-T50-W20-D15,LINEAR,CRASH,COUNT_BASED,50,20,15,5,LOCAL,full,2,2026-07-06T02:37:00Z,40.0000,,,1.0000,1.0000
LIN-CRS-CNT-T50-W20-D15,LINEAR,CRASH,COUNT_BASED,50,20,15,5,LOCAL,full,3,2026-07-06T02:38:09Z,40.0000,,,1.0000,1.0000
LIN-CRS-TIM-T50-W20-D15,LINEAR,CRASH,TIME_BASED,50,20,15,5,LOCAL,full,1,2026-07-06T02:39:27Z,0.0000,,,1.0000,1.0000
LIN-CRS-TIM-T50-W20-D15,LINEAR,CRASH,TIME_BASED,50,20,15,5,LOCAL,full,2,2026-07-06T02:40:45Z,0.0000,,,1.0000,1.0000
LIN-CRS-TIM-T50-W20-D15,LINEAR,CRASH,TIME_BASED,50,20,15,5,LOCAL,full,3,2026-07-06T02:42:00Z,0.0000,,,1.0000,1.0000
LIN-CRS-CNT-T50-W20-D30,LINEAR,CRASH,COUNT_BASED,50,20,30,5,LOCAL,full,1,2026-07-06T02:43:08Z,40.0000,,,1.0000,1.0000
LIN-CRS-CNT-T50-W20-D30,LINEAR,CRASH,COUNT_BASED,50,20,30,5,LOCAL,full,2,2026-07-06T02:44:14Z,40.0000,,,1.0000,1.0000
LIN-CRS-CNT-T50-W20-D30,LINEAR,CRASH,COUNT_BASED,50,20,30,5,LOCAL,full,3,2026-07-06T02:45:19Z,40.0000,,,1.0000,1.0000
LIN-CRS-TIM-T50-W20-D30,LINEAR,CRASH,TIME_BASED,50,20,30,5,LOCAL,full,1,2026-07-06T02:46:37Z,0.0000,,,1.0000,1.0000
LIN-CRS-TIM-T50-W20-D30,LINEAR,CRASH,TIME_BASED,50,20,30,5,LOCAL,full,2,2026-07-06T02:47:53Z,0.0000,,,1.0000,1.0000
LIN-CRS-TIM-T50-W20-D30,LINEAR,CRASH,TIME_BASED,50,20,30,5,LOCAL,full,3,2026-07-06T02:49:09Z,0.0000,,,1.0000,1.0000
LIN-CRS-CNT-T70-W5-D5,LINEAR,CRASH,COUNT_BASED,70,5,5,5,LOCAL,full,1,2026-07-06T02:50:13Z,40.0000,,,1.0000,1.0000
LIN-CRS-CNT-T70-W5-D5,LINEAR,CRASH,COUNT_BASED,70,5,5,5,LOCAL,full,2,2026-07-06T02:51:20Z,40.0000,,,1.0000,1.0000
LIN-CRS-CNT-T70-W5-D5,LINEAR,CRASH,COUNT_BASED,70,5,5,5,LOCAL,full,3,2026-07-06T02:52:28Z,40.0000,,,1.0000,1.0000
LIN-CRS-TIM-T70-W5-D5,LINEAR,CRASH,TIME_BASED,70,5,5,5,LOCAL,full,1,2026-07-06T02:53:44Z,0.0000,,,1.0000,1.0000
LIN-CRS-TIM-T70-W5-D5,LINEAR,CRASH,TIME_BASED,70,5,5,5,LOCAL,full,2,2026-07-06T02:54:59Z,0.0000,,,1.0000,1.0000
LIN-CRS-TIM-T70-W5-D5,LINEAR,CRASH,TIME_BASED,70,5,5,5,LOCAL,full,3,2026-07-06T02:56:16Z,0.0000,,,1.0000,1.0000
LIN-CRS-CNT-T70-W5-D15,LINEAR,CRASH,COUNT_BASED,70,5,15,5,LOCAL,full,1,2026-07-06T02:57:23Z,40.0000,,,1.0000,1.0000
LIN-CRS-CNT-T70-W5-D15,LINEAR,CRASH,COUNT_BASED,70,5,15,5,LOCAL,full,2,2026-07-06T02:58:30Z,40.0000,,,1.0000,1.0000
LIN-CRS-CNT-T70-W5-D15,LINEAR,CRASH,COUNT_BASED,70,5,15,5,LOCAL,full,3,2026-07-06T02:59:36Z,40.0000,,,1.0000,1.0000
LIN-CRS-TIM-T70-W5-D15,LINEAR,CRASH,TIME_BASED,70,5,15,5,LOCAL,full,1,2026-07-06T03:00:53Z,0.0000,,,1.0000,1.0000
LIN-CRS-TIM-T70-W5-D15,LINEAR,CRASH,TIME_BASED,70,5,15,5,LOCAL,full,2,2026-07-06T03:02:08Z,0.0000,,,1.0000,1.0000
LIN-CRS-TIM-T70-W5-D15,LINEAR,CRASH,TIME_BASED,70,5,15,5,LOCAL,full,3,2026-07-06T03:03:24Z,0.0000,,,1.0000,1.0000
LIN-CRS-CNT-T70-W5-D30,LINEAR,CRASH,COUNT_BASED,70,5,30,5,LOCAL,full,1,2026-07-06T03:04:31Z,40.0000,,,1.0000,1.0000
LIN-CRS-CNT-T70-W5-D30,LINEAR,CRASH,COUNT_BASED,70,5,30,5,LOCAL,full,2,2026-07-06T03:05:39Z,40.0000,,,1.0000,1.0000
LIN-CRS-CNT-T70-W5-D30,LINEAR,CRASH,COUNT_BASED,70,5,30,5,LOCAL,full,3,2026-07-06T03:06:47Z,40.0000,,,1.0000,1.0000
LIN-CRS-TIM-T70-W5-D30,LINEAR,CRASH,TIME_BASED,70,5,30,5,LOCAL,full,1,2026-07-06T03:08:04Z,0.0000,,,1.0000,1.0000
LIN-CRS-TIM-T70-W5-D30,LINEAR,CRASH,TIME_BASED,70,5,30,5,LOCAL,full,2,2026-07-06T03:09:19Z,0.0000,,,1.0000,1.0000
LIN-CRS-TIM-T70-W5-D30,LINEAR,CRASH,TIME_BASED,70,5,30,5,LOCAL,full,3,2026-07-06T03:10:35Z,0.0000,,,1.0000,1.0000
LIN-CRS-CNT-T70-W10-D5,LINEAR,CRASH,COUNT_BASED,70,10,5,5,LOCAL,full,1,2026-07-06T03:11:43Z,40.0000,,,1.0000,1.0000
LIN-CRS-CNT-T70-W10-D5,LINEAR,CRASH,COUNT_BASED,70,10,5,5,LOCAL,full,2,2026-07-06T03:12:51Z,40.0000,,,1.0000,1.0000
LIN-CRS-CNT-T70-W10-D5,LINEAR,CRASH,COUNT_BASED,70,10,5,5,LOCAL,full,3,2026-07-06T03:13:58Z,40.0000,,,1.0000,1.0000
LIN-CRS-TIM-T70-W10-D5,LINEAR,CRASH,TIME_BASED,70,10,5,5,LOCAL,full,1,2026-07-06T03:15:17Z,0.0000,,,1.0000,1.0000
LIN-CRS-TIM-T70-W10-D5,LINEAR,CRASH,TIME_BASED,70,10,5,5,LOCAL,full,2,2026-07-06T03:16:32Z,0.0000,,,1.0000,1.0000
LIN-CRS-TIM-T70-W10-D5,LINEAR,CRASH,TIME_BASED,70,10,5,5,LOCAL,full,3,2026-07-06T03:17:48Z,0.0000,,,1.0000,1.0000
LIN-CRS-CNT-T70-W10-D15,LINEAR,CRASH,COUNT_BASED,70,10,15,5,LOCAL,full,1,2026-07-06T03:18:56Z,40.0000,,,1.0000,1.0000
LIN-CRS-CNT-T70-W10-D15,LINEAR,CRASH,COUNT_BASED,70,10,15,5,LOCAL,full,2,2026-07-06T03:20:04Z,40.0000,,,1.0000,1.0000
LIN-CRS-CNT-T70-W10-D15,LINEAR,CRASH,COUNT_BASED,70,10,15,5,LOCAL,full,3,2026-07-06T03:21:09Z,40.0000,,,1.0000,1.0000
LIN-CRS-TIM-T70-W10-D15,LINEAR,CRASH,TIME_BASED,70,10,15,5,LOCAL,full,1,2026-07-06T03:22:27Z,0.0000,,,1.0000,1.0000
LIN-CRS-TIM-T70-W10-D15,LINEAR,CRASH,TIME_BASED,70,10,15,5,LOCAL,full,2,2026-07-06T03:23:45Z,0.0000,,,1.0000,1.0000
LIN-CRS-TIM-T70-W10-D15,LINEAR,CRASH,TIME_BASED,70,10,15,5,LOCAL,full,3,2026-07-06T03:25:00Z,0.0000,,,1.0000,1.0000
LIN-CRS-CNT-T70-W10-D30,LINEAR,CRASH,COUNT_BASED,70,10,30,5,LOCAL,full,1,2026-07-06T03:26:06Z,40.0000,,,1.0000,1.0000
LIN-CRS-CNT-T70-W10-D30,LINEAR,CRASH,COUNT_BASED,70,10,30,5,LOCAL,full,2,2026-07-06T03:27:11Z,40.0000,,,1.0000,1.0000
LIN-CRS-CNT-T70-W10-D30,LINEAR,CRASH,COUNT_BASED,70,10,30,5,LOCAL,full,3,2026-07-06T03:28:18Z,40.0000,,,1.0000,1.0000
LIN-CRS-TIM-T70-W10-D30,LINEAR,CRASH,TIME_BASED,70,10,30,5,LOCAL,full,1,2026-07-06T03:29:34Z,0.0000,,,1.0000,1.0000
LIN-CRS-TIM-T70-W10-D30,LINEAR,CRASH,TIME_BASED,70,10,30,5,LOCAL,full,2,2026-07-06T03:30:50Z,0.0000,,,1.0000,1.0000
LIN-CRS-TIM-T70-W10-D30,LINEAR,CRASH,TIME_BASED,70,10,30,5,LOCAL,full,3,2026-07-06T03:32:06Z,0.0000,,,1.0000,1.0000
LIN-CRS-CNT-T70-W20-D5,LINEAR,CRASH,COUNT_BASED,70,20,5,5,LOCAL,full,1,2026-07-06T03:33:11Z,40.0000,,,1.0000,1.0000
LIN-CRS-CNT-T70-W20-D5,LINEAR,CRASH,COUNT_BASED,70,20,5,5,LOCAL,full,2,2026-07-06T03:34:17Z,40.0000,,,1.0000,1.0000
LIN-CRS-CNT-T70-W20-D5,LINEAR,CRASH,COUNT_BASED,70,20,5,5,LOCAL,full,3,2026-07-06T03:35:22Z,40.0000,,,1.0000,1.0000
LIN-CRS-TIM-T70-W20-D5,LINEAR,CRASH,TIME_BASED,70,20,5,5,LOCAL,full,1,2026-07-06T03:36:38Z,0.0000,,,1.0000,1.0000
LIN-CRS-TIM-T70-W20-D5,LINEAR,CRASH,TIME_BASED,70,20,5,5,LOCAL,full,2,2026-07-06T03:37:55Z,0.0000,,,1.0000,1.0000
LIN-CRS-TIM-T70-W20-D5,LINEAR,CRASH,TIME_BASED,70,20,5,5,LOCAL,full,3,2026-07-06T03:39:12Z,0.0000,,,1.0000,1.0000
LIN-CRS-CNT-T70-W20-D15,LINEAR,CRASH,COUNT_BASED,70,20,15,5,LOCAL,full,1,2026-07-06T03:40:19Z,40.0000,,,1.0000,1.0000
LIN-CRS-CNT-T70-W20-D15,LINEAR,CRASH,COUNT_BASED,70,20,15,5,LOCAL,full,2,2026-07-06T03:41:26Z,40.0000,,,1.0000,1.0000
LIN-CRS-CNT-T70-W20-D15,LINEAR,CRASH,COUNT_BASED,70,20,15,5,LOCAL,full,3,2026-07-06T03:42:32Z,40.0000,,,1.0000,1.0000
LIN-CRS-TIM-T70-W20-D15,LINEAR,CRASH,TIME_BASED,70,20,15,5,LOCAL,full,1,2026-07-06T03:43:49Z,0.0000,,,1.0000,1.0000
LIN-CRS-TIM-T70-W20-D15,LINEAR,CRASH,TIME_BASED,70,20,15,5,LOCAL,full,2,2026-07-06T03:45:06Z,0.0000,,,1.0000,1.0000
LIN-CRS-TIM-T70-W20-D15,LINEAR,CRASH,TIME_BASED,70,20,15,5,LOCAL,full,3,2026-07-06T03:46:23Z,0.0000,,,1.0000,1.0000
LIN-CRS-CNT-T70-W20-D30,LINEAR,CRASH,COUNT_BASED,70,20,30,5,LOCAL,full,1,2026-07-06T03:47:29Z,40.0000,,,1.0000,1.0000
LIN-CRS-CNT-T70-W20-D30,LINEAR,CRASH,COUNT_BASED,70,20,30,5,LOCAL,full,2,2026-07-06T03:48:35Z,40.0000,,,1.0000,1.0000
LIN-CRS-CNT-T70-W20-D30,LINEAR,CRASH,COUNT_BASED,70,20,30,5,LOCAL,full,3,2026-07-06T03:49:42Z,40.0000,,,1.0000,1.0000
LIN-CRS-TIM-T70-W20-D30,LINEAR,CRASH,TIME_BASED,70,20,30,5,LOCAL,full,1,2026-07-06T03:50:57Z,0.0000,,,1.0000,1.0000
LIN-CRS-TIM-T70-W20-D30,LINEAR,CRASH,TIME_BASED,70,20,30,5,LOCAL,full,2,2026-07-06T03:52:14Z,0.0000,,,1.0000,1.0000
LIN-CRS-TIM-T70-W20-D30,LINEAR,CRASH,TIME_BASED,70,20,30,5,LOCAL,full,3,2026-07-06T03:53:30Z,0.0000,,,1.0000,1.0000
LIN-THR-CNT-T30-W5-D5,LINEAR,THROTTLE,COUNT_BASED,30,5,5,5,LOCAL,full,1,2026-07-06T14:49:13Z,0.0000,,,1.0000,0.0000
LIN-THR-CNT-T30-W5-D5,LINEAR,THROTTLE,COUNT_BASED,30,5,5,5,LOCAL,full,2,2026-07-06T14:50:54Z,0.0000,,,0.0000,0.3292
LIN-THR-CNT-T30-W5-D5,LINEAR,THROTTLE,COUNT_BASED,30,5,5,5,LOCAL,full,3,2026-07-06T14:52:27Z,0.0000,,,1.0000,1.0000
LIN-THR-TIM-T30-W5-D5,LINEAR,THROTTLE,TIME_BASED,30,5,5,5,LOCAL,full,1,2026-07-06T14:54:04Z,0.0000,,,0.0000,0.4438
LIN-THR-TIM-T30-W5-D5,LINEAR,THROTTLE,TIME_BASED,30,5,5,5,LOCAL,full,2,2026-07-06T14:55:54Z,0.0000,,,0.0000,0.1294
LIN-THR-TIM-T30-W5-D5,LINEAR,THROTTLE,TIME_BASED,30,5,5,5,LOCAL,full,3,2026-07-06T14:57:34Z,0.0000,,,0.0000,0.4227
LIN-THR-CNT-T30-W5-D15,LINEAR,THROTTLE,COUNT_BASED,30,5,15,5,LOCAL,full,1,2026-07-06T14:59:19Z,0.0000,,,1.0000,1.0000
LIN-THR-CNT-T30-W5-D15,LINEAR,THROTTLE,COUNT_BASED,30,5,15,5,LOCAL,full,2,2026-07-06T15:00:53Z,0.0000,,,0.0000,0.4480
LIN-THR-TIM-T30-W5-D15,LINEAR,THROTTLE,TIME_BASED,30,5,15,5,LOCAL,full,3,2026-07-06T15:07:31Z,0.0000,,,0.0000,0.3815
LIN-THR-TIM-T30-W5-D30,LINEAR,THROTTLE,TIME_BASED,30,5,30,5,LOCAL,full,1,2026-07-06T15:13:56Z,0.0000,,,0.0000,0.4391
LIN-THR-TIM-T30-W5-D30,LINEAR,THROTTLE,TIME_BASED,30,5,30,5,LOCAL,full,2,2026-07-06T15:15:19Z,0.0000,,,0.0000,0.5045
LIN-THR-TIM-T30-W5-D30,LINEAR,THROTTLE,TIME_BASED,30,5,30,5,LOCAL,full,3,2026-07-06T15:16:41Z,0.0000,,,0.0000,0.5756
LIN-THR-CNT-T30-W10-D5,LINEAR,THROTTLE,COUNT_BASED,30,10,5,5,LOCAL,full,1,2026-07-06T15:18:03Z,0.0000,,,0.0000,0.3472
LIN-THR-CNT-T30-W10-D5,LINEAR,THROTTLE,COUNT_BASED,30,10,5,5,LOCAL,full,2,2026-07-06T15:19:22Z,0.0000,,,0.0000,0.4166
LIN-THR-CNT-T30-W10-D5,LINEAR,THROTTLE,COUNT_BASED,30,10,5,5,LOCAL,full,3,2026-07-06T15:20:42Z,0.0000,,,0.0000,0.4023
LIN-THR-TIM-T30-W10-D5,LINEAR,THROTTLE,TIME_BASED,30,10,5,5,LOCAL,full,1,2026-07-06T15:22:02Z,0.0000,,,0.0000,0.4336
LIN-THR-TIM-T30-W10-D5,LINEAR,THROTTLE,TIME_BASED,30,10,5,5,LOCAL,full,2,2026-07-06T15:23:21Z,0.0000,,,0.0000,0.3652
LIN-THR-TIM-T30-W10-D5,LINEAR,THROTTLE,TIME_BASED,30,10,5,5,LOCAL,full,3,2026-07-06T15:24:40Z,0.0000,,,0.0000,0.4227
LIN-THR-CNT-T30-W10-D15,LINEAR,THROTTLE,COUNT_BASED,30,10,15,5,LOCAL,full,1,2026-07-06T15:26:01Z,0.0000,,,0.0000,0.5232
LIN-THR-CNT-T30-W10-D15,LINEAR,THROTTLE,COUNT_BASED,30,10,15,5,LOCAL,full,2,2026-07-06T15:27:21Z,0.0000,,,0.0000,0.4385
LIN-THR-CNT-T30-W10-D15,LINEAR,THROTTLE,COUNT_BASED,30,10,15,5,LOCAL,full,3,2026-07-06T15:28:41Z,0.0000,,,0.0000,0.5496
LIN-THR-TIM-T30-W10-D15,LINEAR,THROTTLE,TIME_BASED,30,10,15,5,LOCAL,full,1,2026-07-06T15:30:19Z,0.0000,,,0.0000,0.4040
LIN-THR-TIM-T30-W10-D15,LINEAR,THROTTLE,TIME_BASED,30,10,15,5,LOCAL,full,2,2026-07-06T15:31:52Z,0.0000,,,0.0000,0.4644
LIN-THR-TIM-T30-W10-D15,LINEAR,THROTTLE,TIME_BASED,30,10,15,5,LOCAL,full,3,2026-07-06T15:33:10Z,0.0000,,,0.0000,0.4151
LIN-THR-CNT-T30-W10-D30,LINEAR,THROTTLE,COUNT_BASED,30,10,30,5,LOCAL,full,1,2026-07-06T15:34:27Z,0.0000,,,0.0000,0.5830
LIN-THR-CNT-T30-W10-D30,LINEAR,THROTTLE,COUNT_BASED,30,10,30,5,LOCAL,full,2,2026-07-06T15:35:43Z,0.0000,,,0.0000,0.5266
LIN-THR-CNT-T30-W10-D30,LINEAR,THROTTLE,COUNT_BASED,30,10,30,5,LOCAL,full,3,2026-07-06T15:37:00Z,0.0000,,,0.0000,0.4595
LIN-THR-TIM-T30-W10-D30,LINEAR,THROTTLE,TIME_BASED,30,10,30,5,LOCAL,full,1,2026-07-06T15:38:16Z,0.0000,,,0.0000,0.5066
LIN-THR-TIM-T30-W10-D30,LINEAR,THROTTLE,TIME_BASED,30,10,30,5,LOCAL,full,2,2026-07-06T15:39:35Z,0.0000,,,0.0000,0.3692
LIN-THR-TIM-T30-W10-D30,LINEAR,THROTTLE,TIME_BASED,30,10,30,5,LOCAL,full,3,2026-07-06T15:40:53Z,0.0000,,,0.0000,0.4307
LIN-THR-CNT-T30-W20-D5,LINEAR,THROTTLE,COUNT_BASED,30,20,5,5,LOCAL,full,1,2026-07-06T15:42:08Z,0.0000,,,0.0000,0.3101
LIN-THR-CNT-T30-W20-D5,LINEAR,THROTTLE,COUNT_BASED,30,20,5,5,LOCAL,full,2,2026-07-06T15:43:23Z,0.0000,,,0.0000,0.4183
LIN-THR-CNT-T30-W20-D5,LINEAR,THROTTLE,COUNT_BASED,30,20,5,5,LOCAL,full,3,2026-07-06T15:44:43Z,0.0000,,,0.0000,0.5393
LIN-THR-TIM-T30-W20-D5,LINEAR,THROTTLE,TIME_BASED,30,20,5,5,LOCAL,full,1,2026-07-06T15:46:00Z,0.0000,,,0.0000,0.4182
LIN-THR-TIM-T30-W20-D5,LINEAR,THROTTLE,TIME_BASED,30,20,5,5,LOCAL,full,2,2026-07-06T15:47:16Z,0.0000,,,0.0000,0.5611
LIN-THR-TIM-T30-W20-D5,LINEAR,THROTTLE,TIME_BASED,30,20,5,5,LOCAL,full,3,2026-07-06T15:48:32Z,0.0000,,,0.0000,0.4887
LIN-THR-CNT-T30-W20-D15,LINEAR,THROTTLE,COUNT_BASED,30,20,15,5,LOCAL,full,1,2026-07-06T15:49:49Z,0.0000,,,0.0000,0.5224
LIN-THR-CNT-T30-W20-D15,LINEAR,THROTTLE,COUNT_BASED,30,20,15,5,LOCAL,full,2,2026-07-06T15:51:05Z,0.0000,,,0.0000,0.5773
LIN-THR-CNT-T30-W20-D15,LINEAR,THROTTLE,COUNT_BASED,30,20,15,5,LOCAL,full,3,2026-07-06T15:52:23Z,0.0000,,,0.0000,0.5235
LIN-THR-TIM-T30-W20-D15,LINEAR,THROTTLE,TIME_BASED,30,20,15,5,LOCAL,full,1,2026-07-06T15:53:38Z,0.0000,,,0.0000,0.5748
LIN-THR-TIM-T30-W20-D15,LINEAR,THROTTLE,TIME_BASED,30,20,15,5,LOCAL,full,2,2026-07-06T15:54:56Z,0.0000,,,0.0000,0.5356
LIN-THR-TIM-T30-W20-D15,LINEAR,THROTTLE,TIME_BASED,30,20,15,5,LOCAL,full,3,2026-07-06T15:56:14Z,0.0000,,,0.0000,0.3887
LIN-THR-CNT-T30-W20-D30,LINEAR,THROTTLE,COUNT_BASED,30,20,30,5,LOCAL,full,1,2026-07-06T15:57:30Z,0.0000,,,0.0000,0.3749
LIN-THR-CNT-T30-W20-D30,LINEAR,THROTTLE,COUNT_BASED,30,20,30,5,LOCAL,full,2,2026-07-06T15:58:47Z,0.0000,,,0.0000,0.2207
LIN-THR-CNT-T30-W20-D30,LINEAR,THROTTLE,COUNT_BASED,30,20,30,5,LOCAL,full,3,2026-07-06T16:00:05Z,0.0000,,,0.0000,0.3432
LIN-THR-TIM-T30-W20-D30,LINEAR,THROTTLE,TIME_BASED,30,20,30,5,LOCAL,full,1,2026-07-06T16:01:20Z,0.0000,,,0.0000,0.5040
LIN-THR-TIM-T30-W20-D30,LINEAR,THROTTLE,TIME_BASED,30,20,30,5,LOCAL,full,2,2026-07-06T16:02:37Z,0.0000,,,0.0000,0.5145
LIN-THR-TIM-T30-W20-D30,LINEAR,THROTTLE,TIME_BASED,30,20,30,5,LOCAL,full,3,2026-07-06T16:03:55Z,0.0000,,,0.0000,0.4477
LIN-THR-CNT-T50-W5-D5,LINEAR,THROTTLE,COUNT_BASED,50,5,5,5,LOCAL,full,1,2026-07-06T16:05:17Z,20.0000,,,1.0000,1.0000
LIN-THR-CNT-T50-W5-D5,LINEAR,THROTTLE,COUNT_BASED,50,5,5,5,LOCAL,full,2,2026-07-06T16:06:52Z,0.0000,,,0.0000,0.4227
LIN-THR-CNT-T50-W5-D5,LINEAR,THROTTLE,COUNT_BASED,50,5,5,5,LOCAL,full,3,2026-07-06T16:08:26Z,0.0000,,,0.0000,0.4060
LIN-THR-TIM-T50-W5-D5,LINEAR,THROTTLE,TIME_BASED,50,5,5,5,LOCAL,full,1,2026-07-06T16:10:01Z,0.0000,,,0.0000,0.4131
LIN-THR-TIM-T50-W5-D5,LINEAR,THROTTLE,TIME_BASED,50,5,5,5,LOCAL,full,2,2026-07-06T16:11:35Z,0.0000,,,0.0000,0.3179
LIN-THR-TIM-T50-W5-D5,LINEAR,THROTTLE,TIME_BASED,50,5,5,5,LOCAL,full,3,2026-07-06T16:12:52Z,0.0000,,,0.0000,0.4140
LIN-THR-CNT-T50-W5-D15,LINEAR,THROTTLE,COUNT_BASED,50,5,15,5,LOCAL,full,1,2026-07-06T16:14:07Z,0.0000,,,1.0000,1.0000
LIN-THR-CNT-T50-W5-D15,LINEAR,THROTTLE,COUNT_BASED,50,5,15,5,LOCAL,full,2,2026-07-06T16:15:21Z,0.0000,,,0.0000,0.3796
LIN-THR-CNT-T50-W5-D15,LINEAR,THROTTLE,COUNT_BASED,50,5,15,5,LOCAL,full,3,2026-07-06T16:16:36Z,0.0000,,,0.0000,0.5265
LIN-THR-TIM-T50-W5-D15,LINEAR,THROTTLE,TIME_BASED,50,5,15,5,LOCAL,full,1,2026-07-06T16:17:54Z,0.0000,,,0.0000,0.4682
LIN-THR-TIM-T50-W5-D15,LINEAR,THROTTLE,TIME_BASED,50,5,15,5,LOCAL,full,2,2026-07-06T16:19:10Z,0.0000,,,0.0000,0.1379
LIN-THR-TIM-T50-W5-D15,LINEAR,THROTTLE,TIME_BASED,50,5,15,5,LOCAL,full,3,2026-07-06T16:20:27Z,0.0000,,,0.0000,0.5387
LIN-THR-CNT-T50-W5-D30,LINEAR,THROTTLE,COUNT_BASED,50,5,30,5,LOCAL,full,1,2026-07-06T16:21:45Z,0.0000,,,0.0000,0.5399
LIN-THR-CNT-T50-W5-D30,LINEAR,THROTTLE,COUNT_BASED,50,5,30,5,LOCAL,full,2,2026-07-06T16:23:01Z,0.0000,,,0.0000,0.4956
LIN-THR-CNT-T50-W5-D30,LINEAR,THROTTLE,COUNT_BASED,50,5,30,5,LOCAL,full,3,2026-07-06T16:24:16Z,0.0000,,,0.0000,0.5805
LIN-THR-TIM-T50-W5-D30,LINEAR,THROTTLE,TIME_BASED,50,5,30,5,LOCAL,full,1,2026-07-06T16:25:33Z,0.0000,,,0.0000,0.4896
LIN-THR-TIM-T50-W5-D30,LINEAR,THROTTLE,TIME_BASED,50,5,30,5,LOCAL,full,2,2026-07-06T16:26:51Z,0.0000,,,0.0000,0.3980
LIN-THR-TIM-T50-W5-D30,LINEAR,THROTTLE,TIME_BASED,50,5,30,5,LOCAL,full,3,2026-07-06T16:28:07Z,0.0000,,,0.0000,0.3230
LIN-THR-CNT-T50-W10-D5,LINEAR,THROTTLE,COUNT_BASED,50,10,5,5,LOCAL,full,1,2026-07-06T16:29:23Z,0.0000,,,0.0000,0.3403
LIN-THR-CNT-T50-W10-D5,LINEAR,THROTTLE,COUNT_BASED,50,10,5,5,LOCAL,full,2,2026-07-06T16:30:38Z,0.0000,,,0.0000,0.5218
LIN-THR-CNT-T50-W10-D5,LINEAR,THROTTLE,COUNT_BASED,50,10,5,5,LOCAL,full,3,2026-07-06T16:31:55Z,0.0000,,,0.0000,0.4745
LIN-THR-TIM-T50-W10-D5,LINEAR,THROTTLE,TIME_BASED,50,10,5,5,LOCAL,full,1,2026-07-06T16:33:13Z,0.0000,,,0.0000,0.4958
LIN-THR-TIM-T50-W10-D5,LINEAR,THROTTLE,TIME_BASED,50,10,5,5,LOCAL,full,2,2026-07-06T16:34:30Z,0.0000,,,0.0000,0.5347
LIN-THR-TIM-T50-W10-D5,LINEAR,THROTTLE,TIME_BASED,50,10,5,5,LOCAL,full,3,2026-07-06T16:35:46Z,0.0000,,,0.0000,0.3334
LIN-THR-CNT-T50-W10-D15,LINEAR,THROTTLE,COUNT_BASED,50,10,15,5,LOCAL,full,1,2026-07-06T16:37:02Z,0.0000,,,0.0000,0.2617
LIN-THR-CNT-T50-W10-D15,LINEAR,THROTTLE,COUNT_BASED,50,10,15,5,LOCAL,full,2,2026-07-06T16:38:20Z,0.0000,,,0.0000,0.5137
LIN-THR-CNT-T50-W10-D15,LINEAR,THROTTLE,COUNT_BASED,50,10,15,5,LOCAL,full,3,2026-07-06T16:39:44Z,0.0000,,,0.0000,0.2720
LIN-THR-TIM-T50-W10-D15,LINEAR,THROTTLE,TIME_BASED,50,10,15,5,LOCAL,full,1,2026-07-06T16:41:14Z,0.0000,,,0.0000,0.0000
LIN-THR-TIM-T50-W10-D15,LINEAR,THROTTLE,TIME_BASED,50,10,15,5,LOCAL,full,2,2026-07-06T16:42:30Z,0.0000,,,0.0000,0.3091
LIN-THR-TIM-T50-W10-D15,LINEAR,THROTTLE,TIME_BASED,50,10,15,5,LOCAL,full,3,2026-07-06T16:43:48Z,0.0000,,,0.0000,0.3494
LIN-THR-CNT-T50-W10-D30,LINEAR,THROTTLE,COUNT_BASED,50,10,30,5,LOCAL,full,1,2026-07-06T16:45:04Z,0.0000,,,0.0000,0.4364
LIN-THR-CNT-T50-W10-D30,LINEAR,THROTTLE,COUNT_BASED,50,10,30,5,LOCAL,full,2,2026-07-06T16:46:22Z,0.0000,,,0.0000,0.5086
LIN-THR-CNT-T50-W10-D30,LINEAR,THROTTLE,COUNT_BASED,50,10,30,5,LOCAL,full,3,2026-07-06T16:47:40Z,0.0000,,,0.0000,0.2101
LIN-THR-TIM-T50-W10-D30,LINEAR,THROTTLE,TIME_BASED,50,10,30,5,LOCAL,full,1,2026-07-06T16:48:59Z,0.0000,,,0.0000,0.4755
LIN-THR-TIM-T50-W10-D30,LINEAR,THROTTLE,TIME_BASED,50,10,30,5,LOCAL,full,2,2026-07-06T16:50:26Z,0.0000,,,0.0000,0.4445
LIN-THR-TIM-T50-W10-D30,LINEAR,THROTTLE,TIME_BASED,50,10,30,5,LOCAL,full,3,2026-07-06T16:51:52Z,0.0000,,,0.0000,0.4647
LIN-THR-CNT-T50-W20-D5,LINEAR,THROTTLE,COUNT_BASED,50,20,5,5,LOCAL,full,1,2026-07-06T16:53:12Z,0.0000,,,0.0000,0.4681
LIN-THR-CNT-T50-W20-D5,LINEAR,THROTTLE,COUNT_BASED,50,20,5,5,LOCAL,full,2,2026-07-06T16:54:42Z,0.0000,,,0.0000,0.4215
LIN-THR-CNT-T50-W20-D5,LINEAR,THROTTLE,COUNT_BASED,50,20,5,5,LOCAL,full,3,2026-07-06T16:56:00Z,0.0000,,,0.0000,0.5620
LIN-THR-TIM-T50-W20-D5,LINEAR,THROTTLE,TIME_BASED,50,20,5,5,LOCAL,full,1,2026-07-06T16:57:16Z,0.0000,,,0.0000,0.2737
LIN-THR-TIM-T50-W20-D5,LINEAR,THROTTLE,TIME_BASED,50,20,5,5,LOCAL,full,2,2026-07-06T16:58:34Z,0.0000,,,0.0000,0.5281
LIN-THR-TIM-T50-W20-D5,LINEAR,THROTTLE,TIME_BASED,50,20,5,5,LOCAL,full,3,2026-07-06T16:59:51Z,0.0000,,,0.0000,0.5067
LIN-THR-CNT-T50-W20-D15,LINEAR,THROTTLE,COUNT_BASED,50,20,15,5,LOCAL,full,1,2026-07-06T17:01:08Z,0.0000,,,0.0000,0.3823
LIN-THR-CNT-T50-W20-D15,LINEAR,THROTTLE,COUNT_BASED,50,20,15,5,LOCAL,full,2,2026-07-06T17:02:23Z,0.0000,,,0.0000,0.3246
LIN-THR-CNT-T50-W20-D15,LINEAR,THROTTLE,COUNT_BASED,50,20,15,5,LOCAL,full,3,2026-07-06T17:03:42Z,0.0000,,,0.0000,0.4221
LIN-THR-TIM-T50-W20-D15,LINEAR,THROTTLE,TIME_BASED,50,20,15,5,LOCAL,full,1,2026-07-06T17:05:00Z,0.0000,,,0.0000,0.3769
LIN-THR-TIM-T50-W20-D15,LINEAR,THROTTLE,TIME_BASED,50,20,15,5,LOCAL,full,2,2026-07-06T17:06:16Z,0.0000,,,0.0000,0.5528
LIN-THR-TIM-T50-W20-D15,LINEAR,THROTTLE,TIME_BASED,50,20,15,5,LOCAL,full,3,2026-07-06T17:07:31Z,0.0000,,,0.0000,0.4456
LIN-THR-CNT-T50-W20-D30,LINEAR,THROTTLE,COUNT_BASED,50,20,30,5,LOCAL,full,1,2026-07-06T17:08:45Z,0.0000,,,0.0000,0.4102
LIN-THR-CNT-T50-W20-D30,LINEAR,THROTTLE,COUNT_BASED,50,20,30,5,LOCAL,full,2,2026-07-06T17:10:01Z,0.0000,,,0.0000,0.4592
LIN-THR-CNT-T50-W20-D30,LINEAR,THROTTLE,COUNT_BASED,50,20,30,5,LOCAL,full,3,2026-07-06T17:11:16Z,0.0000,,,0.0000,0.3561
LIN-THR-TIM-T50-W20-D30,LINEAR,THROTTLE,TIME_BASED,50,20,30,5,LOCAL,full,1,2026-07-06T17:12:33Z,0.0000,,,0.0000,0.5068
LIN-THR-TIM-T50-W20-D30,LINEAR,THROTTLE,TIME_BASED,50,20,30,5,LOCAL,full,2,2026-07-06T17:13:52Z,0.0000,,,0.0000,0.5139
LIN-THR-TIM-T50-W20-D30,LINEAR,THROTTLE,TIME_BASED,50,20,30,5,LOCAL,full,3,2026-07-06T17:15:09Z,0.0000,,,0.0000,0.5117
LIN-THR-CNT-T70-W5-D5,LINEAR,THROTTLE,COUNT_BASED,70,5,5,5,LOCAL,full,1,2026-07-06T17:16:23Z,0.0000,,,0.0000,0.4866
LIN-THR-CNT-T70-W5-D5,LINEAR,THROTTLE,COUNT_BASED,70,5,5,5,LOCAL,full,2,2026-07-06T17:17:40Z,0.0000,,,0.0000,0.5108
LIN-THR-CNT-T70-W5-D5,LINEAR,THROTTLE,COUNT_BASED,70,5,5,5,LOCAL,full,3,2026-07-06T17:18:57Z,0.0000,,,0.0000,0.4372
LIN-THR-TIM-T70-W5-D5,LINEAR,THROTTLE,TIME_BASED,70,5,5,5,LOCAL,full,1,2026-07-06T17:20:15Z,0.0000,,,0.0000,0.2334
LIN-THR-TIM-T70-W5-D5,LINEAR,THROTTLE,TIME_BASED,70,5,5,5,LOCAL,full,2,2026-07-06T17:21:34Z,0.0000,,,0.0000,0.4254
LIN-THR-TIM-T70-W5-D5,LINEAR,THROTTLE,TIME_BASED,70,5,5,5,LOCAL,full,3,2026-07-06T17:22:55Z,0.0000,,,0.0000,0.4657
LIN-THR-CNT-T70-W5-D15,LINEAR,THROTTLE,COUNT_BASED,70,5,15,5,LOCAL,full,1,2026-07-06T17:24:13Z,0.0000,,,0.0000,0.5490
LIN-THR-CNT-T70-W5-D15,LINEAR,THROTTLE,COUNT_BASED,70,5,15,5,LOCAL,full,2,2026-07-06T17:25:29Z,0.0000,,,0.0000,0.3526
LIN-THR-CNT-T70-W5-D15,LINEAR,THROTTLE,COUNT_BASED,70,5,15,5,LOCAL,full,3,2026-07-06T17:26:44Z,0.0000,,,0.0000,0.4499
LIN-THR-TIM-T70-W5-D15,LINEAR,THROTTLE,TIME_BASED,70,5,15,5,LOCAL,full,1,2026-07-06T17:28:01Z,0.0000,,,0.0000,0.3993
LIN-THR-TIM-T70-W5-D15,LINEAR,THROTTLE,TIME_BASED,70,5,15,5,LOCAL,full,2,2026-07-06T17:29:17Z,0.0000,,,0.0000,0.5162
LIN-THR-TIM-T70-W5-D15,LINEAR,THROTTLE,TIME_BASED,70,5,15,5,LOCAL,full,3,2026-07-06T17:30:33Z,0.0000,,,0.0000,0.5191
LIN-THR-CNT-T70-W5-D30,LINEAR,THROTTLE,COUNT_BASED,70,5,30,5,LOCAL,full,1,2026-07-06T17:31:51Z,0.0000,,,0.0000,0.4952
LIN-THR-CNT-T70-W5-D30,LINEAR,THROTTLE,COUNT_BASED,70,5,30,5,LOCAL,full,2,2026-07-06T17:33:06Z,0.0000,,,0.0000,0.4860
LIN-THR-CNT-T70-W5-D30,LINEAR,THROTTLE,COUNT_BASED,70,5,30,5,LOCAL,full,3,2026-07-06T17:34:23Z,0.0000,,,0.0000,0.4549
LIN-THR-TIM-T70-W5-D30,LINEAR,THROTTLE,TIME_BASED,70,5,30,5,LOCAL,full,1,2026-07-06T17:35:43Z,0.0000,,,0.0000,0.5328
LIN-THR-TIM-T70-W5-D30,LINEAR,THROTTLE,TIME_BASED,70,5,30,5,LOCAL,full,2,2026-07-06T17:36:59Z,0.0000,,,0.0000,0.4894
LIN-THR-TIM-T70-W5-D30,LINEAR,THROTTLE,TIME_BASED,70,5,30,5,LOCAL,full,3,2026-07-06T17:38:15Z,0.0000,,,0.0000,0.4307
LIN-THR-CNT-T70-W10-D5,LINEAR,THROTTLE,COUNT_BASED,70,10,5,5,LOCAL,full,1,2026-07-06T17:39:34Z,0.0000,,,0.0000,0.4897
LIN-THR-CNT-T70-W10-D5,LINEAR,THROTTLE,COUNT_BASED,70,10,5,5,LOCAL,full,2,2026-07-06T17:40:50Z,0.0000,,,0.0000,0.4919
LIN-THR-CNT-T70-W10-D5,LINEAR,THROTTLE,COUNT_BASED,70,10,5,5,LOCAL,full,3,2026-07-06T17:42:06Z,0.0000,,,0.0000,0.3958
LIN-THR-TIM-T70-W10-D5,LINEAR,THROTTLE,TIME_BASED,70,10,5,5,LOCAL,full,1,2026-07-06T17:43:23Z,0.0000,,,0.0000,0.4850
LIN-THR-TIM-T70-W10-D5,LINEAR,THROTTLE,TIME_BASED,70,10,5,5,LOCAL,full,2,2026-07-06T17:44:38Z,0.0000,,,0.0000,0.4587
LIN-THR-TIM-T70-W10-D5,LINEAR,THROTTLE,TIME_BASED,70,10,5,5,LOCAL,full,3,2026-07-06T17:45:55Z,0.0000,,,0.0000,0.4892
LIN-THR-CNT-T70-W10-D15,LINEAR,THROTTLE,COUNT_BASED,70,10,15,5,LOCAL,full,1,2026-07-06T17:47:11Z,0.0000,,,0.0000,0.4094
LIN-THR-CNT-T70-W10-D15,LINEAR,THROTTLE,COUNT_BASED,70,10,15,5,LOCAL,full,2,2026-07-06T17:48:27Z,0.0000,,,0.0000,0.3238
LIN-THR-CNT-T70-W10-D15,LINEAR,THROTTLE,COUNT_BASED,70,10,15,5,LOCAL,full,3,2026-07-06T17:49:41Z,0.0000,,,0.0000,0.4779
LIN-THR-TIM-T70-W10-D15,LINEAR,THROTTLE,TIME_BASED,70,10,15,5,LOCAL,full,1,2026-07-06T17:50:57Z,0.0000,,,0.0000,0.5672
LIN-THR-TIM-T70-W10-D15,LINEAR,THROTTLE,TIME_BASED,70,10,15,5,LOCAL,full,2,2026-07-06T17:52:14Z,0.0000,,,0.0000,0.4385
LIN-THR-TIM-T70-W10-D15,LINEAR,THROTTLE,TIME_BASED,70,10,15,5,LOCAL,full,3,2026-07-06T17:53:30Z,0.0000,,,0.0000,0.4679
LIN-THR-CNT-T70-W10-D30,LINEAR,THROTTLE,COUNT_BASED,70,10,30,5,LOCAL,full,1,2026-07-06T17:54:46Z,0.0000,,,0.0000,0.4933
LIN-THR-CNT-T70-W10-D30,LINEAR,THROTTLE,COUNT_BASED,70,10,30,5,LOCAL,full,2,2026-07-06T17:56:04Z,0.0000,,,0.0000,0.4322
LIN-THR-CNT-T70-W10-D30,LINEAR,THROTTLE,COUNT_BASED,70,10,30,5,LOCAL,full,3,2026-07-06T17:57:19Z,0.0000,,,0.0000,0.3912
LIN-THR-TIM-T70-W10-D30,LINEAR,THROTTLE,TIME_BASED,70,10,30,5,LOCAL,full,1,2026-07-06T17:58:37Z,0.0000,,,0.0000,0.5452
LIN-THR-TIM-T70-W10-D30,LINEAR,THROTTLE,TIME_BASED,70,10,30,5,LOCAL,full,2,2026-07-06T17:59:57Z,0.0000,,,0.0000,0.4758
LIN-THR-TIM-T70-W10-D30,LINEAR,THROTTLE,TIME_BASED,70,10,30,5,LOCAL,full,3,2026-07-06T18:01:21Z,0.0000,,,0.0000,0.4516
LIN-THR-CNT-T70-W20-D5,LINEAR,THROTTLE,COUNT_BASED,70,20,5,5,LOCAL,full,1,2026-07-06T18:02:41Z,0.0000,,,0.0000,0.2129
LIN-THR-CNT-T70-W20-D5,LINEAR,THROTTLE,COUNT_BASED,70,20,5,5,LOCAL,full,2,2026-07-06T18:04:03Z,0.0000,,,0.0000,0.4634
LIN-THR-CNT-T70-W20-D5,LINEAR,THROTTLE,COUNT_BASED,70,20,5,5,LOCAL,full,3,2026-07-06T18:05:22Z,0.0000,,,0.0000,0.4421
LIN-THR-TIM-T70-W20-D5,LINEAR,THROTTLE,TIME_BASED,70,20,5,5,LOCAL,full,1,2026-07-06T18:06:40Z,0.0000,,,0.0000,0.4752
LIN-THR-TIM-T70-W20-D5,LINEAR,THROTTLE,TIME_BASED,70,20,5,5,LOCAL,full,2,2026-07-06T18:07:58Z,0.0000,,,0.0000,0.5786
LIN-THR-TIM-T70-W20-D5,LINEAR,THROTTLE,TIME_BASED,70,20,5,5,LOCAL,full,3,2026-07-06T18:09:16Z,0.0000,,,0.0000,0.4952
LIN-THR-CNT-T70-W20-D15,LINEAR,THROTTLE,COUNT_BASED,70,20,15,5,LOCAL,full,1,2026-07-06T18:10:32Z,0.0000,,,0.0000,0.4793
LIN-THR-CNT-T70-W20-D15,LINEAR,THROTTLE,COUNT_BASED,70,20,15,5,LOCAL,full,2,2026-07-06T18:11:50Z,0.0000,,,0.0000,0.4794
LIN-THR-CNT-T70-W20-D15,LINEAR,THROTTLE,COUNT_BASED,70,20,15,5,LOCAL,full,3,2026-07-06T18:13:09Z,0.0000,,,0.0000,0.4489
LIN-THR-TIM-T70-W20-D15,LINEAR,THROTTLE,TIME_BASED,70,20,15,5,LOCAL,full,1,2026-07-06T18:14:29Z,0.0000,,,0.0000,0.4864
LIN-THR-TIM-T70-W20-D15,LINEAR,THROTTLE,TIME_BASED,70,20,15,5,LOCAL,full,2,2026-07-06T18:15:47Z,0.0000,,,0.0000,0.4674
LIN-THR-TIM-T70-W20-D15,LINEAR,THROTTLE,TIME_BASED,70,20,15,5,LOCAL,full,3,2026-07-06T18:17:12Z,0.0000,,,0.0000,0.4961
LIN-THR-CNT-T70-W20-D30,LINEAR,THROTTLE,COUNT_BASED,70,20,30,5,LOCAL,full,1,2026-07-06T18:18:29Z,0.0000,,,0.0000,0.3876
LIN-THR-CNT-T70-W20-D30,LINEAR,THROTTLE,COUNT_BASED,70,20,30,5,LOCAL,full,2,2026-07-06T18:19:45Z,0.0000,,,0.0000,0.3835
LIN-THR-CNT-T70-W20-D30,LINEAR,THROTTLE,COUNT_BASED,70,20,30,5,LOCAL,full,3,2026-07-06T18:21:00Z,0.0000,,,0.0000,0.4304
LIN-THR-TIM-T70-W20-D30,LINEAR,THROTTLE,TIME_BASED,70,20,30,5,LOCAL,full,1,2026-07-06T18:22:19Z,0.0000,,,0.0000,0.5133
LIN-THR-TIM-T70-W20-D30,LINEAR,THROTTLE,TIME_BASED,70,20,30,5,LOCAL,full,2,2026-07-06T18:23:34Z,0.0000,,,0.0000,0.4707
LIN-THR-TIM-T70-W20-D30,LINEAR,THROTTLE,TIME_BASED,70,20,30,5,LOCAL,full,3,2026-07-06T18:24:50Z,0.0000,,,0.0000,0.5118
LIN-THR-CNT-T30-W5-D15,LINEAR,THROTTLE,COUNT_BASED,30,5,15,5,LOCAL,full,3,2026-07-06T18:39:07Z,0.0000,,,0.0000,0.4213
LIN-THR-TIM-T30-W5-D15,LINEAR,THROTTLE,TIME_BASED,30,5,15,5,LOCAL,full,1,2026-07-06T18:40:23Z,0.0000,,,0.0000,0.0000
LIN-THR-TIM-T30-W5-D15,LINEAR,THROTTLE,TIME_BASED,30,5,15,5,LOCAL,full,2,2026-07-06T18:41:40Z,0.0000,,,0.0000,0.3256
LIN-THR-CNT-T30-W5-D30,LINEAR,THROTTLE,COUNT_BASED,30,5,30,5,LOCAL,full,1,2026-07-06T18:43:00Z,0.0000,,,0.0000,0.4767
LIN-THR-CNT-T30-W5-D30,LINEAR,THROTTLE,COUNT_BASED,30,5,30,5,LOCAL,full,2,2026-07-06T18:44:17Z,0.0000,,,0.0000,0.3828
LIN-THR-CNT-T30-W5-D30,LINEAR,THROTTLE,COUNT_BASED,30,5,30,5,LOCAL,full,3,2026-07-06T18:45:34Z,0.0000,,,0.0000,0.3834
